Date,Pond,Survey,Tag
5/25/2016,A,7,9000 43000 101663
5/25/2016,A,7,9000 43000 101677
5/25/2016,A,7,9000 43000 101691
5/25/2016,A,7,9000 43000 101696
5/25/2016,A,7,9000 670000 61906
5/25/2016,A,7,9000 670000 61934
5/25/2016,A,7,9000 670000 61945
5/25/2016,A,7,9000 670000 61955
5/25/2016,A,7,9000 670000 61963
5/25/2016,A,7,9000 670000 61964
5/25/2016,A,7,9000 670000 61971
5/25/2016,A,7,9000 670000 61995
5/25/2016,A,7,9000 670000 61996
5/25/2016,A,7,9000 670000 63208
5/25/2016,A,7,9000 670000 63214
5/25/2016,A,7,9000 670000 63271
5/25/2016,A,7,9000 670000 63319
5/25/2016,A,7,9000 670000 63322
5/25/2016,A,7,9000 670000 63325
5/25/2016,A,7,9000 670000 63344
5/25/2016,A,7,9000 670000 63345
5/25/2016,A,7,9000 670000 63364
5/25/2016,A,7,9000 670000 63368
5/25/2016,A,7,9000 670000 63377
5/25/2016,A,7,9000 670000 63379
5/25/2016,A,7,9000 670000 63387
5/25/2016,A,7,9000 670000 63405
5/25/2016,A,7,9000 670000 63418
5/25/2016,A,7,9000 670000 63434
5/25/2016,A,7,9000 670000 63437
5/25/2016,A,7,9000 670000 63438
5/25/2016,A,7,9000 670000 63452
5/25/2016,A,7,9000 670000 63459
5/25/2016,A,7,9000 670000 63464
5/25/2016,A,7,9000 670000 63468
5/25/2016,A,7,9000 670000 63470
5/25/2016,A,7,9000 670000 63477
5/25/2016,A,7,9000 670000 63478
5/25/2016,A,7,9000 670000 63479
5/25/2016,A,7,9000 670000 63480
5/25/2016,A,7,9000 670000 63483
5/25/2016,A,7,9000 670000 63490
5/25/2016,A,7,9000 670000 63495
5/26/2016,A,8,9000 43000 101609
5/26/2016,A,8,9000 43000 101635
5/26/2016,A,8,9000 43000 101679
5/26/2016,A,8,9000 43000 101691
5/26/2016,A,8,9000 670000 61922
5/26/2016,A,8,9000 670000 61931
5/26/2016,A,8,9000 670000 61939
5/26/2016,A,8,9000 670000 61955
5/26/2016,A,8,9000 670000 61965
5/26/2016,A,8,9000 670000 61985
5/26/2016,A,8,9000 670000 61995
5/26/2016,A,8,9000 670000 63256
5/26/2016,A,8,9000 670000 63271
5/26/2016,A,8,9000 670000 63275
5/26/2016,A,8,9000 670000 63326
5/26/2016,A,8,9000 670000 63327
5/26/2016,A,8,9000 670000 63333
5/26/2016,A,8,9000 670000 63344
5/26/2016,A,8,9000 670000 63345
5/26/2016,A,8,9000 670000 63359
5/26/2016,A,8,9000 670000 63370
5/26/2016,A,8,9000 670000 63389
5/26/2016,A,8,9000 670000 63405
5/26/2016,A,8,9000 670000 63418
5/26/2016,A,8,9000 670000 63430
5/26/2016,A,8,9000 670000 63432
5/26/2016,A,8,9000 670000 63437
5/26/2016,A,8,9000 670000 63465
5/26/2016,A,8,9000 670000 63468
5/26/2016,A,8,9000 670000 63470
5/26/2016,A,8,9000 670000 63477
5/26/2016,A,8,9000 670000 63483
5/26/2016,A,8,9000 670000 63490
5/26/2016,A,8,9000 670000 63496
5/26/2016,A,8,9000 670000 63498
5/27/2016,A,9,9000 43000 101603
5/27/2016,A,9,9000 43000 101691
5/27/2016,A,9,9000 43000 101696
5/27/2016,A,9,9000 670000 61934
5/27/2016,A,9,9000 670000 61945
5/27/2016,A,9,9000 670000 61963
5/27/2016,A,9,9000 670000 61984
5/27/2016,A,9,9000 670000 61996
5/27/2016,A,9,9000 670000 63216
5/27/2016,A,9,9000 670000 63256
5/27/2016,A,9,9000 670000 63325
5/27/2016,A,9,9000 670000 63326
5/27/2016,A,9,9000 670000 63329
5/27/2016,A,9,9000 670000 63335
5/27/2016,A,9,9000 670000 63340
5/27/2016,A,9,9000 670000 63344
5/27/2016,A,9,9000 670000 63351
5/27/2016,A,9,9000 670000 63353
5/27/2016,A,9,9000 670000 63358
5/27/2016,A,9,9000 670000 63360
5/27/2016,A,9,9000 670000 63367
5/27/2016,A,9,9000 670000 63386
5/27/2016,A,9,9000 670000 63387
5/27/2016,A,9,9000 670000 63389
5/27/2016,A,9,9000 670000 63418
5/27/2016,A,9,9000 670000 63452
5/27/2016,A,9,9000 670000 63470
5/27/2016,A,9,9000 670000 63483
5/27/2016,A,9,9000 670000 63490
5/27/2016,A,9,9000 670000 63495
6/13/2016,A,10,1380348466    
6/13/2016,A,10,1380348482    
6/13/2016,A,10,1380348486    
6/13/2016,A,10,1380348496    
6/13/2016,A,10,1380348501    
6/13/2016,A,10,1380348523    
6/13/2016,A,10,9000 43000 101679
6/13/2016,A,10,9000 670000 63248
6/13/2016,A,10,9000 670000 63344
6/13/2016,A,10,9000 670000 63367
6/13/2016,A,10,9000 670000 63405
6/13/2016,A,10,9000 670000 63435
6/13/2016,A,10,9000 670000 63495
6/13/2016,A,10,9000 670000 63496
6/14/2016,A,11,1380348450    
6/14/2016,A,11,1380348458    
6/14/2016,A,11,1380348489    
6/14/2016,A,11,1380348492    
6/14/2016,A,11,1380348501    
6/14/2016,A,11,9000 670000 63377
6/14/2016,A,11,9000 670000 63405
6/14/2016,A,11,9000 670000 63434
6/14/2016,A,11,9000 670000 63441
6/14/2016,A,11,9000 670000 63491
6/14/2016,A,11,9000 670000 63495
6/15/2016,A,12,1380348460    
6/15/2016,A,12,1380348466    
6/15/2016,A,12,1380348474    
6/15/2016,A,12,1380348486    
6/15/2016,A,12,1380348496    
6/15/2016,A,12,1380348511    
6/15/2016,A,12,1380348518    
6/15/2016,A,12,1380348520    
6/15/2016,A,12,1380348527    
6/15/2016,A,12,9000 43000 101679
6/15/2016,A,12,9000 670000 61934
6/15/2016,A,12,9000 670000 61995
6/15/2016,A,12,9000 670000 63227
6/15/2016,A,12,9000 670000 63249
6/15/2016,A,12,9000 670000 63377
6/15/2016,A,12,9000 670000 63386
6/15/2016,A,12,9000 670000 63401
6/15/2016,A,12,9000 670000 63422
6/15/2016,A,12,9000 670000 63432
6/15/2016,A,12,9000 670000 63435
6/15/2016,A,12,9000 670000 63474
6/15/2016,A,12,9000 670000 63491
6/15/2016,A,12,9000 670000 63496
6/20/2016,A,13,1380348458    
6/20/2016,A,13,1380348486    
6/20/2016,A,13,1380348501    
6/20/2016,A,13,1380348518    
6/20/2016,A,13,1380348520    
6/20/2016,A,13,1380348523    
6/20/2016,A,13,9000 670000 61995
6/20/2016,A,13,9000 670000 63333
6/20/2016,A,13,9000 670000 63335
6/20/2016,A,13,9000 670000 63422
6/20/2016,A,13,9000 670000 63425
6/20/2016,A,13,9000 670000 63451
6/20/2016,A,13,9000 670000 63491
6/20/2016,A,13,9000 670000 63496
6/20/2016,A,13,982000362129963    
6/20/2016,A,13,982000365439042    
6/21/2016,A,14,1380348458    
6/21/2016,A,14,1380348460    
6/21/2016,A,14,1380348496    
6/21/2016,A,14,1380348501    
6/21/2016,A,14,1380348518    
6/21/2016,A,14,1380348523    
6/21/2016,A,14,1380348527    
6/21/2016,A,14,9000 670000 61922
6/21/2016,A,14,9000 670000 61965
6/21/2016,A,14,9000 670000 61995
6/21/2016,A,14,9000 670000 63216
6/21/2016,A,14,9000 670000 63360
6/21/2016,A,14,9000 670000 63386
6/21/2016,A,14,9000 670000 63401
6/21/2016,A,14,9000 670000 63430
6/21/2016,A,14,9000 670000 63461
6/21/2016,A,14,9000 670000 63464
6/21/2016,A,14,9000 670000 63474
6/21/2016,A,14,9000 670000 63491
6/21/2016,A,14,9000 670000 63496
6/21/2016,A,14,9000 670000 63498
6/21/2016,A,14,982000362129963    
6/21/2016,A,14,982000362129994    
6/21/2016,A,14,982000362130011    
6/21/2016,A,14,982000365439014    
6/21/2016,A,14,982000365439042    
6/22/2016,A,15,1380348501    
6/22/2016,A,15,1380348518    
6/22/2016,A,15,9000 670000 61995
6/22/2016,A,15,9000 670000 63248
6/22/2016,A,15,9000 670000 63386
6/22/2016,A,15,9000 670000 63432
6/22/2016,A,15,982000362129963    
6/22/2016,A,15,982000362129973    
5/26/2017,A,16,1380348511    
5/26/2017,A,16,1380348527    
5/26/2017,A,16,9000 43000 109394
5/26/2017,A,16,9000 43000 109397
5/26/2017,A,16,9000 43000 109398
5/26/2017,A,16,9000 43000 109400
5/26/2017,A,16,9000 43000 109410
5/26/2017,A,16,9000 43000 109413
5/26/2017,A,16,9000 43000 109414
5/26/2017,A,16,9000 43000 109421
5/26/2017,A,16,9000 43000 109447
5/26/2017,A,16,9000 43000 109449
5/26/2017,A,16,9000 43000 109451
5/26/2017,A,16,9000 43000 109452
5/26/2017,A,16,9000 43000 109459
5/26/2017,A,16,9000 43000 109471
5/26/2017,A,16,9000 43000 109481
5/26/2017,A,16,9000 43000 109608
5/26/2017,A,16,9000 670000 61965
5/26/2017,A,16,9000 670000 63345
5/26/2017,A,16,9000 670000 63358
5/26/2017,A,16,9000 670000 63422
5/26/2017,A,16,9000 670000 63432
5/26/2017,A,16,9000 670000 63434
5/26/2017,A,16,9000 670000 63435
5/26/2017,A,16,9000 670000 63451
5/26/2017,A,16,982000365439014    
5/27/2017,A,16,9000 43000 109395
5/27/2017,A,16,9000 43000 109422
5/27/2017,A,16,9000 43000 109425
5/27/2017,A,16,9000 43000 109429
5/27/2017,A,16,9000 43000 109432
5/27/2017,A,16,9000 43000 109434
5/27/2017,A,16,9000 43000 109439
5/27/2017,A,16,9000 43000 109440
5/27/2017,A,16,9000 43000 109441
5/27/2017,A,16,9000 43000 109466
5/27/2017,A,16,9000 43000 109474
5/27/2017,A,16,9000 43000 109477
5/27/2017,A,16,9000 670000 61964
5/27/2017,A,16,9000 670000 63271
6/5/2017,A,17,1380348466    
6/5/2017,A,17,1380348486    
6/5/2017,A,17,1380348511    
6/5/2017,A,17,9000 43000 109295
6/5/2017,A,17,9000 43000 109302
6/5/2017,A,17,9000 43000 109303
6/5/2017,A,17,9000 43000 109307
6/5/2017,A,17,9000 43000 109308
6/5/2017,A,17,9000 43000 109309
6/5/2017,A,17,9000 43000 109310
6/5/2017,A,17,9000 43000 109313
6/5/2017,A,17,9000 43000 109321
6/5/2017,A,17,9000 43000 109323
6/5/2017,A,17,9000 43000 109325
6/5/2017,A,17,9000 43000 109329
6/5/2017,A,17,9000 43000 109330
6/5/2017,A,17,9000 43000 109338
6/5/2017,A,17,9000 43000 109345
6/5/2017,A,17,9000 43000 109350
6/5/2017,A,17,9000 43000 109353
6/5/2017,A,17,9000 43000 109354
6/5/2017,A,17,9000 43000 109355
6/5/2017,A,17,9000 43000 109360
6/5/2017,A,17,9000 43000 109368
6/5/2017,A,17,9000 43000 109369
6/5/2017,A,17,9000 43000 109372
6/5/2017,A,17,9000 43000 109375
6/5/2017,A,17,9000 43000 109386
6/5/2017,A,17,9000 43000 109390
6/5/2017,A,17,9000 43000 109391
6/5/2017,A,17,9000 43000 109394
6/5/2017,A,17,9000 43000 109395
6/5/2017,A,17,9000 43000 109413
6/5/2017,A,17,9000 43000 109421
6/5/2017,A,17,9000 43000 109422
6/5/2017,A,17,9000 43000 109429
6/5/2017,A,17,9000 43000 109432
6/5/2017,A,17,9000 43000 109439
6/5/2017,A,17,9000 43000 109441
6/5/2017,A,17,9000 43000 109449
6/5/2017,A,17,9000 43000 109451
6/5/2017,A,17,9000 43000 109471
6/5/2017,A,17,9000 43000 109481
6/5/2017,A,17,9000 670000 63271
6/5/2017,A,17,9000 670000 63276
6/5/2017,A,17,9000 670000 63353
6/5/2017,A,17,9000 670000 63368
6/5/2017,A,17,9000 670000 63418
6/5/2017,A,17,9000 670000 63422
6/5/2017,A,17,9000 670000 63425
6/5/2017,A,17,9000 670000 63435
6/5/2017,A,17,9000 670000 63451
6/5/2017,A,17,9000 670000 63459
6/5/2017,A,17,9000 670000 63464
6/5/2017,A,17,9000 670000 63465
6/5/2017,A,17,9000 670000 63474
6/5/2017,A,17,9000 670000 63479
6/5/2017,A,17,9000 670000 63483
6/5/2017,A,17,982000362129963    
6/5/2017,A,17,982000362129973    
6/5/2017,A,17,982000362129994    
6/12/2017,A,18,1380348496    
6/12/2017,A,18,9000 43000 101691
6/12/2017,A,18,9000 43000 109231
6/12/2017,A,18,9000 43000 109245
6/12/2017,A,18,9000 43000 109248
6/12/2017,A,18,9000 43000 109254
6/12/2017,A,18,9000 43000 109256
6/12/2017,A,18,9000 43000 109258
6/12/2017,A,18,9000 43000 109267
6/12/2017,A,18,9000 43000 109307
6/12/2017,A,18,9000 43000 109350
6/12/2017,A,18,9000 43000 109368
6/12/2017,A,18,9000 43000 109390
6/12/2017,A,18,9000 43000 109391
6/12/2017,A,18,9000 43000 109421
6/12/2017,A,18,9000 43000 109447
6/12/2017,A,18,9000 43000 109452
6/12/2017,A,18,9000 43000 109471
6/12/2017,A,18,9000 670000 61965
6/12/2017,A,18,9000 670000 63327
6/12/2017,A,18,9000 670000 63430
6/12/2017,A,18,9000 670000 63451
6/12/2017,A,18,9000 670000 63496
6/12/2017,A,18,982000362129963    
6/12/2017,A,18,982000362129973    
6/12/2017,A,18,982000362130011    
6/19/2017,A,19,1380348458    
6/19/2017,A,19,1380348466    
6/19/2017,A,19,1380348486    
6/19/2017,A,19,1380348501    
6/19/2017,A,19,1380348523    
6/19/2017,A,19,9000 43000 101696
6/19/2017,A,19,9000 43000 109213
6/19/2017,A,19,9000 43000 109214
6/19/2017,A,19,9000 43000 109224
6/19/2017,A,19,9000 43000 109228
6/19/2017,A,19,9000 43000 109229
6/19/2017,A,19,9000 43000 109233
6/19/2017,A,19,9000 43000 109248
6/19/2017,A,19,9000 43000 109251
6/19/2017,A,19,9000 43000 109275
6/19/2017,A,19,9000 43000 109282
6/19/2017,A,19,9000 43000 109284
6/19/2017,A,19,9000 43000 109286
6/19/2017,A,19,9000 43000 109302
6/19/2017,A,19,9000 43000 109307
6/19/2017,A,19,9000 43000 109309
6/19/2017,A,19,9000 43000 109313
6/19/2017,A,19,9000 43000 109321
6/19/2017,A,19,9000 43000 109323
6/19/2017,A,19,9000 43000 109329
6/19/2017,A,19,9000 43000 109350
6/19/2017,A,19,9000 43000 109355
6/19/2017,A,19,9000 43000 109368
6/19/2017,A,19,9000 43000 109372
6/19/2017,A,19,9000 43000 109390
6/19/2017,A,19,9000 43000 109394
6/19/2017,A,19,9000 43000 109413
6/19/2017,A,19,9000 43000 109421
6/19/2017,A,19,9000 43000 109447
6/19/2017,A,19,9000 43000 109449
6/19/2017,A,19,9000 43000 109471
6/19/2017,A,19,9000 43000 109481
6/19/2017,A,19,9000 670000 61965
6/19/2017,A,19,9000 670000 61996
6/19/2017,A,19,9000 670000 63345
6/19/2017,A,19,9000 670000 63353
6/19/2017,A,19,9000 670000 63368
6/19/2017,A,19,9000 670000 63387
6/19/2017,A,19,9000 670000 63432
6/19/2017,A,19,9000 670000 63435
6/19/2017,A,19,9000 670000 63451
6/19/2017,A,19,9000 670000 63452
6/19/2017,A,19,9000 670000 63459
6/19/2017,A,19,9000 670000 63464
6/19/2017,A,19,9000 670000 63483
6/19/2017,A,19,9000 670000 63495
6/19/2017,A,19,9000 670000 63496
6/19/2017,A,19,982000362129963    
6/19/2017,A,19,982000362129973    
6/19/2017,A,19,982000362129994    
6/19/2017,A,19,982000362130011    
6/26/2017,A,20,1380348486    
6/26/2017,A,20,1380348511    
6/26/2017,A,20,9000 43000 109213
6/26/2017,A,20,9000 43000 109229
6/26/2017,A,20,9000 43000 109233
6/26/2017,A,20,9000 43000 109248
6/26/2017,A,20,9000 43000 109307
6/26/2017,A,20,9000 43000 109308
6/26/2017,A,20,9000 43000 109345
6/26/2017,A,20,9000 43000 109368
6/26/2017,A,20,9000 43000 109394
6/26/2017,A,20,9000 43000 109471
6/26/2017,A,20,9000 670000 63271
6/26/2017,A,20,9000 670000 63319
6/26/2017,A,20,9000 670000 63360
6/26/2017,A,20,9000 670000 63379
6/26/2017,A,20,9000 670000 63422
6/26/2017,A,20,9000 670000 63432
6/26/2017,A,20,9000 670000 63435
6/26/2017,A,20,9000 670000 63451
6/26/2017,A,20,9000 670000 63459
6/26/2017,A,20,9000 670000 63474
6/26/2017,A,20,982000362130011    
6/26/2017,A,20,982000362130013    
6/26/2017,A,20,982000365438986    
6/26/2017,A,20,982000365439031    
6/26/2017,A,20,982000365439060    
5/23/2018,A,22,9000 43000 109302
5/23/2018,A,22,9000 43000 109307
5/23/2018,A,22,9000 43000 109321
5/23/2018,A,22,9000 43000 109323
5/23/2018,A,22,9000 43000 109338
5/23/2018,A,22,9000 43000 109350
5/23/2018,A,22,9000 43000 109355
5/23/2018,A,22,9000 43000 109369
5/23/2018,A,22,9000 43000 109372
5/23/2018,A,22,9000 43000 109394
5/23/2018,A,22,9000 43000 109471
5/23/2018,A,22,9000 43000 162230
5/23/2018,A,22,9000 43000 162277
5/23/2018,A,22,9000 43000 162312
5/23/2018,A,22,9000 43000 162323
5/23/2018,A,22,9000 43000 162324
5/23/2018,A,22,9000 43000 162327
5/23/2018,A,22,9000 43000 162340
5/23/2018,A,22,9000 43000 162341
5/23/2018,A,22,9000 43000 162349
5/23/2018,A,22,9000 43000 162352
5/23/2018,A,22,9000 43000 162373
5/23/2018,A,22,9000 43000 162376
5/23/2018,A,22,9000 43000 162391
5/23/2018,A,22,9000 43000 162398
5/23/2018,A,22,9000 670000 63271
5/23/2018,A,22,9000 670000 63319
5/23/2018,A,22,9000 670000 63322
5/23/2018,A,22,9000 670000 63387
5/23/2018,A,22,982000362129963    
5/23/2018,A,22,982000362129973    
5/23/2018,A,22,982000362130011    
5/31/2018,A,23,1380348458    
5/31/2018,A,23,9000 43000 109295
5/31/2018,A,23,9000 43000 109302
5/31/2018,A,23,9000 43000 109308
5/31/2018,A,23,9000 43000 109323
5/31/2018,A,23,9000 43000 109338
5/31/2018,A,23,9000 43000 109345
5/31/2018,A,23,9000 43000 109350
5/31/2018,A,23,9000 43000 109353
5/31/2018,A,23,9000 43000 109355
5/31/2018,A,23,9000 43000 109369
5/31/2018,A,23,9000 43000 109386
5/31/2018,A,23,9000 43000 109390
5/31/2018,A,23,9000 43000 109394
5/31/2018,A,23,9000 43000 109439
5/31/2018,A,23,9000 43000 109451
5/31/2018,A,23,9000 43000 109471
5/31/2018,A,23,9000 43000 109477
5/31/2018,A,23,9000 43000 162202
5/31/2018,A,23,9000 43000 162302
5/31/2018,A,23,9000 43000 162312
5/31/2018,A,23,9000 43000 162318
5/31/2018,A,23,9000 43000 162323
5/31/2018,A,23,9000 43000 162327
5/31/2018,A,23,9000 43000 162333
5/31/2018,A,23,9000 43000 162341
5/31/2018,A,23,9000 43000 162349
5/31/2018,A,23,9000 43000 162357
5/31/2018,A,23,9000 43000 162372
5/31/2018,A,23,9000 43000 162375
5/31/2018,A,23,9000 43000 162379
5/31/2018,A,23,9000 43000 162380
5/31/2018,A,23,9000 43000 162386
5/31/2018,A,23,9000 43000 162398
5/31/2018,A,23,9000 670000 61964
5/31/2018,A,23,9000 670000 61965
5/31/2018,A,23,9000 670000 63319
5/31/2018,A,23,9000 670000 63322
5/31/2018,A,23,9000 670000 63353
5/31/2018,A,23,9000 670000 63435
5/31/2018,A,23,9000 670000 63452
5/31/2018,A,23,9000 670000 63459
5/31/2018,A,23,982000362129963    
5/31/2018,A,23,982000362129973    
5/31/2018,A,23,982000362130011    
5/31/2018,A,23,982000365439031    
6/11/2018,A,24,9000 43000 109256
6/11/2018,A,24,9000 43000 109302
6/11/2018,A,24,9000 43000 109308
6/11/2018,A,24,9000 43000 109350
6/11/2018,A,24,9000 43000 109355
6/11/2018,A,24,9000 43000 109368
6/11/2018,A,24,9000 43000 109413
6/11/2018,A,24,9000 43000 109451
6/11/2018,A,24,9000 43000 109471
6/11/2018,A,24,9000 43000 109477
6/11/2018,A,24,9000 43000 162213
6/11/2018,A,24,9000 43000 162275
6/11/2018,A,24,9000 43000 162333
6/11/2018,A,24,9000 43000 162357
6/11/2018,A,24,9000 43000 162376
6/11/2018,A,24,9000 670000 61965
6/11/2018,A,24,9000 670000 63435
6/11/2018,A,24,9000 670000 63464
6/11/2018,A,24,982000362129963    
6/11/2018,A,24,982000365438986    
6/13/2018,A,25,9000 43000 109302
6/13/2018,A,25,9000 43000 109323
6/13/2018,A,25,9000 43000 109350
6/13/2018,A,25,9000 43000 109355
6/13/2018,A,25,9000 43000 109394
6/13/2018,A,25,9000 43000 109413
6/13/2018,A,25,9000 43000 109432
6/13/2018,A,25,9000 43000 109451
6/13/2018,A,25,9000 43000 109471
6/13/2018,A,25,9000 43000 109477
6/13/2018,A,25,9000 43000 162053
6/13/2018,A,25,9000 43000 162086
6/13/2018,A,25,9000 43000 162236
6/13/2018,A,25,9000 43000 162275
6/13/2018,A,25,9000 43000 162327
6/13/2018,A,25,9000 43000 162333
6/13/2018,A,25,9000 43000 162352
6/13/2018,A,25,9000 43000 162376
6/13/2018,A,25,9000 43000 162380
6/13/2018,A,25,9000 43000 162386
6/13/2018,A,25,9000 670000 63271
6/13/2018,A,25,9000 670000 63358
6/13/2018,A,25,9000 670000 63435
6/13/2018,A,25,9000 670000 63464
6/13/2018,A,25,982000362129963    
6/13/2018,A,25,982000362129973    
6/13/2018,A,25,982000362129994    
6/13/2018,A,25,982000365438986    
6/20/2018,A,26,9000 43000 109323
6/20/2018,A,26,9000 43000 109350
6/20/2018,A,26,9000 43000 109394
6/20/2018,A,26,9000 43000 162053
6/20/2018,A,26,9000 43000 162206
6/20/2018,A,26,9000 43000 162212
6/20/2018,A,26,9000 43000 162225
6/20/2018,A,26,9000 43000 162284
6/20/2018,A,26,9000 670000 63271
6/20/2018,A,26,9000 670000 63319
6/20/2018,A,26,9000 670000 63358
6/20/2018,A,26,9000 670000 63435
6/20/2018,A,26,982000362129963    
6/20/2018,A,26,982000365438986    
5/26/2019,A,28,1380348466    
5/26/2019,A,28,9000 43000 109214
5/26/2019,A,28,9000 43000 109248
5/26/2019,A,28,9000 43000 109302
5/26/2019,A,28,9000 43000 109368
5/26/2019,A,28,9000 43000 109372
5/26/2019,A,28,9000 43000 109390
5/26/2019,A,28,9000 43000 109391
5/26/2019,A,28,9000 43000 109413
5/26/2019,A,28,9000 43000 109432
5/26/2019,A,28,9000 43000 109477
5/26/2019,A,28,9000 43000 162053
5/26/2019,A,28,9000 43000 162086
5/26/2019,A,28,9000 43000 162202
5/26/2019,A,28,9000 43000 162212
5/26/2019,A,28,9000 43000 162213
5/26/2019,A,28,9000 43000 162225
5/26/2019,A,28,9000 43000 162226
5/26/2019,A,28,9000 43000 162230
5/26/2019,A,28,9000 43000 162234
5/26/2019,A,28,9000 43000 162236
5/26/2019,A,28,9000 43000 162239
5/26/2019,A,28,9000 43000 162242
5/26/2019,A,28,9000 43000 162248
5/26/2019,A,28,9000 43000 162252
5/26/2019,A,28,9000 43000 162258
5/26/2019,A,28,9000 43000 162261
5/26/2019,A,28,9000 43000 162262
5/26/2019,A,28,9000 43000 162266
5/26/2019,A,28,9000 43000 162267
5/26/2019,A,28,9000 43000 162268
5/26/2019,A,28,9000 43000 162273
5/26/2019,A,28,9000 43000 162277
5/26/2019,A,28,9000 43000 162283
5/26/2019,A,28,9000 43000 162286
5/26/2019,A,28,9000 43000 162287
5/26/2019,A,28,9000 43000 162288
5/26/2019,A,28,9000 43000 162289
5/26/2019,A,28,9000 43000 162290
5/26/2019,A,28,9000 43000 162291
5/26/2019,A,28,9000 43000 162298
5/26/2019,A,28,9000 43000 162341
5/26/2019,A,28,9000 43000 162357
5/26/2019,A,28,9000 43000 162398
5/26/2019,A,28,9000 670000 63271
5/26/2019,A,28,982000362129973    
5/26/2019,A,28,982000362129994    
5/26/2019,A,28,982000362130011    
5/31/2019,A,29,9000 43000 109302
5/31/2019,A,29,9000 43000 109369
5/31/2019,A,29,9000 43000 109372
5/31/2019,A,29,9000 43000 109390
5/31/2019,A,29,9000 43000 109408
5/31/2019,A,29,9000 43000 162025
5/31/2019,A,29,9000 43000 162046
5/31/2019,A,29,9000 43000 162086
5/31/2019,A,29,9000 43000 162088
5/31/2019,A,29,9000 43000 162212
5/31/2019,A,29,9000 43000 162213
5/31/2019,A,29,9000 43000 162225
5/31/2019,A,29,9000 43000 162230
5/31/2019,A,29,9000 43000 162236
5/31/2019,A,29,9000 43000 162242
5/31/2019,A,29,9000 43000 162258
5/31/2019,A,29,9000 43000 162291
5/31/2019,A,29,9000 43000 162375
5/31/2019,A,29,9000 43000 162398
5/31/2019,A,29,9000 670000 61965
5/31/2019,A,29,9000 670000 63271
5/31/2019,A,29,9000 670000 63435
5/31/2019,A,29,982000362129963    
6/9/2019,A,30,9000 43000 109307
6/9/2019,A,30,9000 43000 109368
6/9/2019,A,30,9000 43000 162010
6/9/2019,A,30,9000 43000 162013
6/9/2019,A,30,9000 43000 162022
6/9/2019,A,30,9000 43000 162025
6/9/2019,A,30,9000 43000 162031
6/9/2019,A,30,9000 43000 162033
6/9/2019,A,30,9000 43000 162037
6/9/2019,A,30,9000 43000 162046
6/9/2019,A,30,9000 43000 162047
6/9/2019,A,30,9000 43000 162052
6/9/2019,A,30,9000 43000 162055
6/9/2019,A,30,9000 43000 162072
6/9/2019,A,30,9000 43000 162081
6/9/2019,A,30,9000 43000 162086
6/9/2019,A,30,9000 43000 162202
6/9/2019,A,30,9000 43000 162212
6/9/2019,A,30,9000 43000 162213
6/9/2019,A,30,9000 43000 162225
6/9/2019,A,30,9000 43000 162283
6/9/2019,A,30,9000 43000 162291
6/9/2019,A,30,9000 43000 162341
6/9/2019,A,30,9000 670000 61965
6/9/2019,A,30,9000 670000 63226
6/9/2019,A,30,9000 670000 63358
6/9/2019,A,30,9000 670000 63464
6/9/2019,A,30,982000362129994    
6/9/2019,A,30,982000365438986    
6/12/2019,A,31,1380348458    
6/12/2019,A,31,9000 43000 109231
6/12/2019,A,31,9000 43000 109307
6/12/2019,A,31,9000 43000 109308
6/12/2019,A,31,9000 43000 109368
6/12/2019,A,31,9000 43000 109390
6/12/2019,A,31,9000 43000 109391
6/12/2019,A,31,9000 43000 162001
6/12/2019,A,31,9000 43000 162010
6/12/2019,A,31,9000 43000 162014
6/12/2019,A,31,9000 43000 162025
6/12/2019,A,31,9000 43000 162033
6/12/2019,A,31,9000 43000 162037
6/12/2019,A,31,9000 43000 162042
6/12/2019,A,31,9000 43000 162047
6/12/2019,A,31,9000 43000 162052
6/12/2019,A,31,9000 43000 162053
6/12/2019,A,31,9000 43000 162055
6/12/2019,A,31,9000 43000 162062
6/12/2019,A,31,9000 43000 162065
6/12/2019,A,31,9000 43000 162072
6/12/2019,A,31,9000 43000 162079
6/12/2019,A,31,9000 43000 162080
6/12/2019,A,31,9000 43000 162081
6/12/2019,A,31,9000 43000 162088
6/12/2019,A,31,9000 43000 162212
6/12/2019,A,31,9000 43000 162213
6/12/2019,A,31,9000 43000 162225
6/12/2019,A,31,9000 43000 162239
6/12/2019,A,31,9000 43000 162248
6/12/2019,A,31,9000 43000 162261
6/12/2019,A,31,9000 43000 162267
6/12/2019,A,31,9000 43000 162283
6/12/2019,A,31,9000 43000 162287
6/12/2019,A,31,9000 43000 162298
6/12/2019,A,31,9000 43000 162340
6/12/2019,A,31,9000 43000 162341
6/12/2019,A,31,9000 43000 162357
6/12/2019,A,31,9000 43000 162398
6/12/2019,A,31,9000 670000 61965
6/12/2019,A,31,9000 670000 63226
6/12/2019,A,31,9000 670000 63418
6/12/2019,A,31,9000 670000 63435
6/12/2019,A,31,9000 670000 63459
6/12/2019,A,31,9000 670000 63464
6/12/2019,A,31,9000 670000 63479
6/12/2019,A,31,982000362129973    
6/12/2019,A,31,982000362129994    
6/12/2019,A,31,982000365438986    
6/18/2019,A,32,9000 43000 109413
6/18/2019,A,32,9000 43000 162014
6/18/2019,A,32,9000 43000 162022
6/18/2019,A,32,9000 43000 162033
6/18/2019,A,32,9000 43000 162042
6/18/2019,A,32,9000 43000 162047
6/18/2019,A,32,9000 43000 162053
6/18/2019,A,32,9000 43000 162055
6/18/2019,A,32,9000 43000 162086
6/18/2019,A,32,9000 43000 162088
6/18/2019,A,32,9000 43000 162160
6/18/2019,A,32,9000 43000 162176
6/18/2019,A,32,9000 43000 162180
6/18/2019,A,32,9000 43000 162187
6/18/2019,A,32,9000 43000 162202
6/18/2019,A,32,9000 43000 162206
6/18/2019,A,32,9000 43000 162213
6/18/2019,A,32,9000 43000 162277
6/18/2019,A,32,9000 43000 162298
6/18/2019,A,32,9000 43000 162340
6/18/2019,A,32,9000 43000 162357
6/18/2019,A,32,9000 670000 61939
6/18/2019,A,32,9000 670000 63226
6/18/2019,A,32,9000 670000 63426
6/18/2019,A,32,9000 670000 63452
6/18/2019,A,32,982000362129973    
6/18/2019,A,32,982000365438986    
5/27/2020,A,33,9000 43000 162635
5/27/2020,A,33,9000 43000 162398
5/27/2020,A,33,9000 43000 162072
5/27/2020,A,33,9000 43000 162081
5/27/2020,A,33,9000 670000 61965
5/27/2020,A,33,9000 670000 63459
5/27/2020,A,33,9000 43000 162675
5/27/2020,A,33,9000 43000 162624
5/27/2020,A,33,9000 43000 162687
5/27/2020,A,33,9000 43000 162042
5/27/2020,A,33,9000 43000 162618
5/27/2020,A,33,9000 43000 162648
5/27/2020,A,33,9000 43000 162505
5/27/2020,A,33,9000 43000 162112
5/27/2020,A,33,9000 43000 162143
5/27/2020,A,33,9000 43000 162132
5/27/2020,A,33,9000 43000 162193
5/27/2020,A,33,9000 43000 162133
5/27/2020,A,33,9000 43000 162190
5/27/2020,A,33,9000 670000 61996
5/27/2020,A,33,9000 43000 162169
5/27/2020,A,33,9000 43000 109307
5/27/2020,A,33,9000 43000 162014
5/27/2020,A,33,9000 43000 162157
5/27/2020,A,33,9000 43000 109413
5/27/2020,A,33,9000 43000 162055
5/27/2020,A,33,9000 43000 162144
5/27/2020,A,33,9000 43000 162283
5/27/2020,A,33,9000 43000 162181
5/27/2020,A,33,9000 43000 162125
5/27/2020,A,33,9000 43000 162159
6/2/2020,A,34,9000 43000 162505
6/2/2020,A,34,9000 43000 162365
6/2/2020,A,34,9000 43000 162190
6/2/2020,A,34,9000 43000 162014
6/2/2020,A,34,9000 43000 162526
6/2/2020,A,34,9000 43000 162596
6/2/2020,A,34,9000 43000 162072
6/2/2020,A,34,9000 43000 109308
6/2/2020,A,34,9000 670000 63452
6/2/2020,A,34,9000 43000 162157
6/2/2020,A,34,9000 43000 162687
6/2/2020,A,34,9000 43000 162566
6/2/2020,A,34,9000 43000 162562
6/2/2020,A,34,9000 43000 162587
6/2/2020,A,34,9000 43000 162588
6/2/2020,A,34,9000 43000 162532
6/2/2020,A,34,9000 43000 162648
6/2/2020,A,34,9000 43000 162042
6/2/2020,A,34,9000 43000 162550
6/2/2020,A,34,9000 43000 162540
6/2/2020,A,34,9000 43000 162542
6/2/2020,A,34,9000 43000 162564
6/2/2020,A,34,9000 43000 162570
6/2/2020,A,34,9000 43000 162618
6/2/2020,A,34,9000 670000 61965
6/2/2020,A,34,9000 43000 162133
6/2/2020,A,34,9000 43000 162685
6/8/2020,A,35,9000 43000 162587
6/8/2020,A,35,9000 43000 162617
6/8/2020,A,35,9000 43000 162687
6/8/2020,A,35,9000 67000061965
6/8/2020,A,35,9000 43000 162357
6/8/2020,A,35,9000 43000 162542
6/8/2020,A,35,9000 43000 162046
6/8/2020,A,35,9000 43000 162180
5/22/2016,C,7,9000 43000 101605
5/22/2016,C,7,9000 43000 101646
5/22/2016,C,7,9000 43000 101662
5/22/2016,C,7,9000 43000 101665
5/22/2016,C,7,9000 43000 101668
5/22/2016,C,7,9000 43000 101674
5/22/2016,C,7,9000 43000 101692
5/22/2016,C,7,9000 670000 61912
5/22/2016,C,7,9000 670000 61959
5/22/2016,C,7,9000 670000 61968
5/22/2016,C,7,9000 670000 61988
5/22/2016,C,7,9000 670000 63272
5/22/2016,C,7,9000 670000 63301
5/22/2016,C,7,9000 670000 63306
5/22/2016,C,7,9000 670000 63312
5/22/2016,C,7,9000 670000 63314
5/22/2016,C,7,9000 670000 63317
5/22/2016,C,7,9000 670000 63324
5/22/2016,C,7,9000 670000 63349
5/22/2016,C,7,9000 670000 63354
5/22/2016,C,7,9000 670000 63371
5/22/2016,C,7,9000 670000 63374
5/22/2016,C,7,9000 670000 63388
5/23/2016,C,8,9000 43000 101600
5/23/2016,C,8,9000 43000 101611
5/23/2016,C,8,9000 43000 101632
5/23/2016,C,8,9000 43000 101633
5/23/2016,C,8,9000 43000 101639
5/23/2016,C,8,9000 43000 101647
5/23/2016,C,8,9000 43000 101648
5/23/2016,C,8,9000 43000 101653
5/23/2016,C,8,9000 43000 101665
5/23/2016,C,8,9000 43000 101667
5/23/2016,C,8,9000 43000 101680
5/23/2016,C,8,9000 670000 61900
5/23/2016,C,8,9000 670000 61901
5/23/2016,C,8,9000 670000 61904
5/23/2016,C,8,9000 670000 61918
5/23/2016,C,8,9000 670000 61946
5/23/2016,C,8,9000 670000 61968
5/23/2016,C,8,9000 670000 61988
5/23/2016,C,8,9000 670000 61994
5/23/2016,C,8,9000 670000 63205
5/23/2016,C,8,9000 670000 63241
5/23/2016,C,8,9000 670000 63298
5/23/2016,C,8,9000 670000 63300
5/23/2016,C,8,9000 670000 63304
5/23/2016,C,8,9000 670000 63309
5/23/2016,C,8,9000 670000 63312
5/23/2016,C,8,9000 670000 63313
5/23/2016,C,8,9000 670000 63314
5/23/2016,C,8,9000 670000 63328
5/23/2016,C,8,9000 670000 63330
5/23/2016,C,8,9000 670000 63336
5/23/2016,C,8,9000 670000 63337
5/23/2016,C,8,9000 670000 63348
5/23/2016,C,8,9000 670000 63349
5/23/2016,C,8,9000 670000 63350
5/23/2016,C,8,9000 670000 63352
5/23/2016,C,8,9000 670000 63355
5/23/2016,C,8,9000 670000 63357
5/23/2016,C,8,9000 670000 63363
5/23/2016,C,8,9000 670000 63369
5/23/2016,C,8,9000 670000 63371
5/23/2016,C,8,9000 670000 63372
5/23/2016,C,8,9000 670000 63374
5/23/2016,C,8,9000 670000 63378
5/23/2016,C,8,9000 670000 63383
5/23/2016,C,8,9000 670000 63385
5/23/2016,C,8,9000 670000 63446
5/24/2016,C,9,9000 43000 101600
5/24/2016,C,9,9000 43000 101602
5/24/2016,C,9,9000 43000 101613
5/24/2016,C,9,9000 43000 101614
5/24/2016,C,9,9000 43000 101617
5/24/2016,C,9,9000 43000 101638
5/24/2016,C,9,9000 43000 101660
5/24/2016,C,9,9000 43000 101675
5/24/2016,C,9,9000 43000 101682
5/24/2016,C,9,9000 43000 101685
5/24/2016,C,9,9000 670000 61900
5/24/2016,C,9,9000 670000 61905
5/24/2016,C,9,9000 670000 61909
5/24/2016,C,9,9000 670000 61921
5/24/2016,C,9,9000 670000 61929
5/24/2016,C,9,9000 670000 61954
5/24/2016,C,9,9000 670000 61962
5/24/2016,C,9,9000 670000 61966
5/24/2016,C,9,9000 670000 61975
5/24/2016,C,9,9000 670000 61987
5/24/2016,C,9,9000 670000 61997
5/24/2016,C,9,9000 670000 63205
5/24/2016,C,9,9000 670000 63277
5/24/2016,C,9,9000 670000 63321
5/24/2016,C,9,9000 670000 63323
5/24/2016,C,9,9000 670000 63339
5/24/2016,C,9,9000 670000 63342
5/24/2016,C,9,9000 670000 63343
5/24/2016,C,9,9000 670000 63346
5/24/2016,C,9,9000 670000 63371
5/24/2016,C,9,9000 670000 63373
5/24/2016,C,9,9000 670000 63375
5/24/2016,C,9,9000 670000 63381
5/24/2016,C,9,9000 670000 63394
5/24/2016,C,9,9000 670000 63397
5/24/2016,C,9,9000 670000 63399
6/9/2016,C,10,1380348363    
6/9/2016,C,10,1380348379    
6/9/2016,C,10,1380348409    
6/9/2016,C,10,1380348418    
6/9/2016,C,10,1380348420    
6/9/2016,C,10,1380348433    
6/9/2016,C,10,1380348434    
6/9/2016,C,10,9000 43000 101601
6/9/2016,C,10,9000 43000 101615
6/9/2016,C,10,9000 43000 101627
6/9/2016,C,10,9000 43000 101636
6/9/2016,C,10,9000 43000 101658
6/9/2016,C,10,9000 43000 101659
6/9/2016,C,10,9000 43000 101661
6/9/2016,C,10,9000 43000 101670
6/9/2016,C,10,9000 43000 101683
6/9/2016,C,10,9000 43000 101687
6/9/2016,C,10,9000 43000 101696
6/9/2016,C,10,9000 43000 101699
6/9/2016,C,10,9000 670000 61916
6/9/2016,C,10,9000 670000 61919
6/9/2016,C,10,9000 670000 61948
6/9/2016,C,10,9000 670000 61969
6/9/2016,C,10,9000 670000 61977
6/9/2016,C,10,9000 670000 61978
6/9/2016,C,10,9000 670000 61999
6/9/2016,C,10,9000 670000 63201
6/9/2016,C,10,9000 670000 63243
6/9/2016,C,10,9000 670000 63292
6/9/2016,C,10,9000 670000 63302
6/9/2016,C,10,9000 670000 63307
6/9/2016,C,10,9000 670000 63310
6/9/2016,C,10,9000 670000 63311
6/9/2016,C,10,9000 670000 63315
6/9/2016,C,10,9000 670000 63316
6/9/2016,C,10,9000 670000 63318
6/9/2016,C,10,9000 670000 63347
6/9/2016,C,10,9000 670000 63352
6/9/2016,C,10,9000 670000 63356
6/9/2016,C,10,9000 670000 63361
6/9/2016,C,10,9000 670000 63365
6/9/2016,C,10,9000 670000 63375
6/9/2016,C,10,9000 670000 63376
6/9/2016,C,10,9000 670000 63378
6/9/2016,C,10,9000 670000 63392
6/9/2016,C,10,9000 670000 63393
6/9/2016,C,10,9000 670000 63395
6/10/2016,C,11,1380348342    
6/10/2016,C,11,1380348345    
6/10/2016,C,11,1380348347    
6/10/2016,C,11,1380348359    
6/10/2016,C,11,1380348360    
6/10/2016,C,11,1380348361    
6/10/2016,C,11,1380348362    
6/10/2016,C,11,1380348363    
6/10/2016,C,11,1380348364    
6/10/2016,C,11,1380348371    
6/10/2016,C,11,1380348390    
6/10/2016,C,11,1380348399    
6/10/2016,C,11,1380348401    
6/10/2016,C,11,1380348406    
6/10/2016,C,11,1380348410    
6/10/2016,C,11,1380348423    
6/10/2016,C,11,1380348424    
6/10/2016,C,11,1380348427    
6/10/2016,C,11,1380348429    
6/10/2016,C,11,1380348433    
6/10/2016,C,11,1380348439    
6/10/2016,C,11,1380348452    
6/10/2016,C,11,1380348372    
6/10/2016,C,11,1380348383    
6/10/2016,C,11,1380348408    
6/10/2016,C,11,1380348422    
6/10/2016,C,11,9000 43000 101627
6/10/2016,C,11,9000 43000 101633
6/10/2016,C,11,9000 43000 101659
6/10/2016,C,11,9000 43000 101665
6/10/2016,C,11,9000 43000 101670
6/10/2016,C,11,9000 43000 101693
6/10/2016,C,11,9000 670000 61912
6/10/2016,C,11,9000 670000 61975
6/10/2016,C,11,9000 670000 63218
6/10/2016,C,11,9000 670000 63277
6/10/2016,C,11,9000 670000 63292
6/10/2016,C,11,9000 670000 63312
6/10/2016,C,11,9000 670000 63314
6/10/2016,C,11,9000 670000 63317
6/10/2016,C,11,9000 670000 63374
6/10/2016,C,11,9000 670000 63375
6/11/2016,C,12,1380348347    
6/11/2016,C,12,1380348359    
6/11/2016,C,12,1380348410    
6/11/2016,C,12,1380348422    
6/11/2016,C,12,1380348427    
6/11/2016,C,12,1380348429    
6/11/2016,C,12,1380348439    
6/11/2016,C,12,1380348440    
6/11/2016,C,12,1380348442    
6/11/2016,C,12,1380348444    
6/11/2016,C,12,1380348445    
6/11/2016,C,12,1380348446    
6/11/2016,C,12,1380348452    
6/11/2016,C,12,1380348465    
6/11/2016,C,12,1380348470    
6/11/2016,C,12,1380348473    
6/11/2016,C,12,1380348484    
6/11/2016,C,12,1380348485    
6/11/2016,C,12,1380348493    
6/11/2016,C,12,1380348504    
6/11/2016,C,12,1380348505    
6/11/2016,C,12,1380348506    
6/11/2016,C,12,1380348521    
6/11/2016,C,12,1380348531    
6/11/2016,C,12,1380348536    
6/11/2016,C,12,9000 43000 101636
6/11/2016,C,12,9000 43000 101652
6/11/2016,C,12,9000 43000 101661
6/11/2016,C,12,9000 43000 101692
6/11/2016,C,12,9000 670000 61900
6/11/2016,C,12,9000 670000 61918
6/11/2016,C,12,9000 670000 61969
6/11/2016,C,12,9000 670000 63233
6/11/2016,C,12,9000 670000 63292
6/11/2016,C,12,9000 670000 63307
6/11/2016,C,12,9000 670000 63310
6/11/2016,C,12,9000 670000 63316
6/11/2016,C,12,9000 670000 63317
6/11/2016,C,12,9000 670000 63374
6/17/2016,C,13,1380348347    
6/17/2016,C,13,1380348362    
6/17/2016,C,13,1380348372    
6/17/2016,C,13,1380348379    
6/17/2016,C,13,1380348383    
6/17/2016,C,13,1380348409    
6/17/2016,C,13,1380348410    
6/17/2016,C,13,1380348433    
6/17/2016,C,13,1380348439    
6/17/2016,C,13,1380348449    
6/17/2016,C,13,1380348454    
6/17/2016,C,13,1380348455    
6/17/2016,C,13,1380348457    
6/17/2016,C,13,1380348461    
6/17/2016,C,13,1380348472    
6/17/2016,C,13,1380348476    
6/17/2016,C,13,1380348478    
6/17/2016,C,13,1380348479    
6/17/2016,C,13,1380348480    
6/17/2016,C,13,1380348487    
6/17/2016,C,13,1380348488    
6/17/2016,C,13,1380348490    
6/17/2016,C,13,1380348494    
6/17/2016,C,13,1380348500    
6/17/2016,C,13,1380348502    
6/17/2016,C,13,1380348503    
6/17/2016,C,13,1380348508    
6/17/2016,C,13,1380348509    
6/17/2016,C,13,1380348512    
6/17/2016,C,13,1380348517    
6/17/2016,C,13,1380348521    
6/17/2016,C,13,1380348522    
6/17/2016,C,13,1380348526    
6/17/2016,C,13,1380348529    
6/17/2016,C,13,1380348535    
6/17/2016,C,13,1380348537    
6/17/2016,C,13,9000 43000 101627
6/17/2016,C,13,9000 43000 101642
6/17/2016,C,13,9000 43000 101652
6/17/2016,C,13,9000 43000 101661
6/17/2016,C,13,9000 43000 101675
6/17/2016,C,13,9000 670000 61948
6/17/2016,C,13,9000 670000 63201
6/17/2016,C,13,9000 670000 63229
6/17/2016,C,13,9000 670000 63233
6/17/2016,C,13,9000 670000 63277
6/17/2016,C,13,9000 670000 63292
6/17/2016,C,13,9000 670000 63304
6/17/2016,C,13,9000 670000 63307
6/17/2016,C,13,9000 670000 63314
6/17/2016,C,13,9000 670000 63352
6/17/2016,C,13,9000 670000 63373
6/18/2016,C,14,1380348347    
6/18/2016,C,14,1380348355    
6/18/2016,C,14,1380348364    
6/18/2016,C,14,1380348372    
6/18/2016,C,14,1380348379    
6/18/2016,C,14,1380348433    
6/18/2016,C,14,1380348441    
6/18/2016,C,14,1380348449    
6/18/2016,C,14,1380348453    
6/18/2016,C,14,1380348456    
6/18/2016,C,14,1380348459    
6/18/2016,C,14,1380348469    
6/18/2016,C,14,1380348475    
6/18/2016,C,14,1380348484    
6/18/2016,C,14,1380348493    
6/18/2016,C,14,1380348495    
6/18/2016,C,14,1380348497    
6/18/2016,C,14,1380348507    
6/18/2016,C,14,1380348513    
6/18/2016,C,14,1380348515    
6/18/2016,C,14,1380348521    
6/18/2016,C,14,1380348528    
6/18/2016,C,14,1380348530    
6/18/2016,C,14,1380348532    
6/18/2016,C,14,9000 43000 101602
6/18/2016,C,14,9000 43000 101613
6/18/2016,C,14,9000 43000 101627
6/18/2016,C,14,9000 43000 101637
6/18/2016,C,14,9000 43000 101638
6/18/2016,C,14,9000 43000 101642
6/18/2016,C,14,9000 43000 101661
6/18/2016,C,14,9000 43000 101670
6/18/2016,C,14,9000 670000 61909
6/18/2016,C,14,9000 670000 61920
6/18/2016,C,14,9000 670000 61946
6/18/2016,C,14,9000 670000 63277
6/18/2016,C,14,9000 670000 63292
6/18/2016,C,14,9000 670000 63316
6/18/2016,C,14,9000 670000 63318
6/18/2016,C,14,9000 670000 63323
6/18/2016,C,14,9000 670000 63343
6/18/2016,C,14,9000 670000 63374
6/18/2016,C,14,9000 670000 63393
6/19/2016,C,15,1380348342    
6/19/2016,C,15,1380348347    
6/19/2016,C,15,1380348362    
6/19/2016,C,15,1380348449    
6/19/2016,C,15,1380348465    
6/19/2016,C,15,1380348472    
6/19/2016,C,15,1380348514    
6/19/2016,C,15,1380348517    
6/19/2016,C,15,1380348531    
6/19/2016,C,15,9000 43000 101601
6/19/2016,C,15,9000 43000 101627
6/19/2016,C,15,9000 43000 101638
6/19/2016,C,15,9000 43000 101652
6/19/2016,C,15,9000 43000 101661
6/19/2016,C,15,9000 670000 61988
6/19/2016,C,15,9000 670000 63201
6/19/2016,C,15,9000 670000 63233
6/19/2016,C,15,9000 670000 63292
6/19/2016,C,15,9000 670000 63313
6/19/2016,C,15,9000 670000 63318
6/19/2016,C,15,9000 670000 63321
6/19/2016,C,15,9000 670000 63324
6/19/2016,C,15,9000 670000 63376
6/19/2016,C,15,9000 670000 63378
6/19/2016,C,15,9000 670000 63393
6/19/2016,C,15,9000 670000 63397
6/19/2016,C,15,982000362129901    
6/19/2016,C,15,982000362129964    
6/19/2016,C,15,982000362129971    
6/19/2016,C,15,982000362129977    
6/19/2016,C,15,982000362129982    
6/19/2016,C,15,982000362129984    
6/19/2016,C,15,982000362130003    
6/19/2016,C,15,982000362130024    
6/19/2016,C,15,982000362130034    
6/19/2016,C,15,982000362130037    
6/19/2016,C,15,982000362130049    
6/19/2016,C,15,982000362130057    
6/19/2016,C,15,982000362130061    
6/19/2016,C,15,982000362130068    
6/19/2016,C,15,982000362130073    
6/19/2016,C,15,982000362130086    
6/19/2016,C,15,982000365438962    
6/19/2016,C,15,982000365438983    
6/19/2016,C,15,982000365438997    
6/19/2016,C,15,982000365439013    
6/19/2016,C,15,982000365439030    
6/19/2016,C,15,982000365439032    
6/19/2016,C,15,982000365439046    
6/19/2016,C,15,982000365439047    
6/19/2016,C,15,982000365439050    
5/25/2017,C,16,1380348406    
5/25/2017,C,16,1380348488    
5/25/2017,C,16,9000 43000 101611
5/25/2017,C,16,9000 43000 101646
5/25/2017,C,16,9000 43000 101671
5/25/2017,C,16,9000 43000 109402
5/25/2017,C,16,9000 43000 109406
5/25/2017,C,16,9000 43000 109407
5/25/2017,C,16,9000 43000 109409
5/25/2017,C,16,9000 43000 109430
5/25/2017,C,16,9000 43000 109433
5/25/2017,C,16,9000 43000 109455
5/25/2017,C,16,9000 43000 109461
5/25/2017,C,16,9000 43000 109468
5/25/2017,C,16,9000 43000 109470
5/25/2017,C,16,9000 43000 109482
5/25/2017,C,16,9000 43000 109484
5/25/2017,C,16,9000 43000 109489
5/25/2017,C,16,9000 670000 61919
5/25/2017,C,16,9000 670000 63385
5/29/2017,C,16,1380348399    
5/29/2017,C,16,1380348479    
5/29/2017,C,16,1380348480    
5/29/2017,C,16,9000 43000 101627
5/29/2017,C,16,9000 43000 101632
5/29/2017,C,16,9000 43000 101685
5/29/2017,C,16,9000 43000 109392
5/29/2017,C,16,9000 43000 109393
5/29/2017,C,16,9000 43000 109396
5/29/2017,C,16,9000 43000 109399
5/29/2017,C,16,9000 43000 109405
5/29/2017,C,16,9000 43000 109411
5/29/2017,C,16,9000 43000 109417
5/29/2017,C,16,9000 43000 109418
5/29/2017,C,16,9000 43000 109419
5/29/2017,C,16,9000 43000 109420
5/29/2017,C,16,9000 43000 109424
5/29/2017,C,16,9000 43000 109431
5/29/2017,C,16,9000 43000 109435
5/29/2017,C,16,9000 43000 109437
5/29/2017,C,16,9000 43000 109448
5/29/2017,C,16,9000 43000 109450
5/29/2017,C,16,9000 43000 109454
5/29/2017,C,16,9000 43000 109462
5/29/2017,C,16,9000 43000 109463
5/29/2017,C,16,9000 43000 109465
5/29/2017,C,16,9000 43000 109469
5/29/2017,C,16,9000 43000 109473
5/29/2017,C,16,9000 43000 109478
5/29/2017,C,16,9000 43000 109483
5/29/2017,C,16,9000 43000 109485
5/29/2017,C,16,9000 43000 109487
5/29/2017,C,16,9000 43000 109490
5/29/2017,C,16,9000 670000 61988
5/29/2017,C,16,9000 670000 63210
5/29/2017,C,16,9000 670000 63263
5/29/2017,C,16,9000 670000 63306
5/29/2017,C,16,9000 670000 63309
5/29/2017,C,16,9000 670000 63336
5/29/2017,C,16,9000 670000 63375
5/29/2017,C,16,982000362129977    
5/29/2017,C,16,982000365438997    
6/2/2017,C,17,1380348399    
6/2/2017,C,17,1380348409    
6/2/2017,C,17,1380348469    
6/2/2017,C,17,1380348488    
6/2/2017,C,17,1380348505    
6/2/2017,C,17,1380348517    
6/2/2017,C,17,9000 43000 101627
6/2/2017,C,17,9000 43000 101633
6/2/2017,C,17,9000 43000 101639
6/2/2017,C,17,9000 43000 101671
6/2/2017,C,17,9000 43000 101674
6/2/2017,C,17,9000 43000 109292
6/2/2017,C,17,9000 43000 109304
6/2/2017,C,17,9000 43000 109331
6/2/2017,C,17,9000 43000 109333
6/2/2017,C,17,9000 43000 109356
6/2/2017,C,17,9000 43000 109357
6/2/2017,C,17,9000 43000 109359
6/2/2017,C,17,9000 43000 109363
6/2/2017,C,17,9000 43000 109364
6/2/2017,C,17,9000 43000 109366
6/2/2017,C,17,9000 43000 109370
6/2/2017,C,17,9000 43000 109378
6/2/2017,C,17,9000 43000 109380
6/2/2017,C,17,9000 43000 109383
6/2/2017,C,17,9000 43000 109387
6/2/2017,C,17,9000 43000 109393
6/2/2017,C,17,9000 43000 109412
6/2/2017,C,17,9000 43000 109415
6/2/2017,C,17,9000 43000 109416
6/2/2017,C,17,9000 43000 109423
6/2/2017,C,17,9000 43000 109426
6/2/2017,C,17,9000 43000 109427
6/2/2017,C,17,9000 43000 109428
6/2/2017,C,17,9000 43000 109436
6/2/2017,C,17,9000 43000 109444
6/2/2017,C,17,9000 43000 109456
6/2/2017,C,17,9000 43000 109457
6/2/2017,C,17,9000 43000 109458
6/2/2017,C,17,9000 43000 109460
6/2/2017,C,17,9000 43000 109470
6/2/2017,C,17,9000 43000 109479
6/2/2017,C,17,9000 43000 109485
6/2/2017,C,17,9000 43000 109491
6/2/2017,C,17,9000 670000 63210
6/2/2017,C,17,9000 670000 63230
6/2/2017,C,17,9000 670000 63307
6/2/2017,C,17,9000 670000 63372
6/2/2017,C,17,982000365439032    
6/6/2017,C,17,1380348342    
6/6/2017,C,18,1380348408    
6/6/2017,C,18,1380348445    
6/6/2017,C,17,1380348456    
6/6/2017,C,17,1380348480    
6/6/2017,C,18,1380348509    
6/6/2017,C,18,9000 43000 101611
6/6/2017,C,18,9000 43000 101633
6/6/2017,C,18,9000 43000 101637
6/6/2017,C,18,9000 43000 101638
6/6/2017,C,17,9000 43000 101658
6/6/2017,C,18,9000 43000 101665
6/6/2017,C,18,9000 43000 101671
6/6/2017,C,17,9000 43000 101675
6/6/2017,C,18,9000 43000 109293
6/6/2017,C,17,9000 43000 109294
6/6/2017,C,18,9000 43000 109296
6/6/2017,C,18,9000 43000 109297
6/6/2017,C,18,9000 43000 109298
6/6/2017,C,18,9000 43000 109299
6/6/2017,C,17,9000 43000 109300
6/6/2017,C,17,9000 43000 109305
6/6/2017,C,18,9000 43000 109306
6/6/2017,C,18,9000 43000 109311
6/6/2017,C,17,9000 43000 109312
6/6/2017,C,17,9000 43000 109314
6/6/2017,C,17,9000 43000 109315
6/6/2017,C,17,9000 43000 109316
6/6/2017,C,18,9000 43000 109317
6/6/2017,C,18,9000 43000 109318
6/6/2017,C,17,9000 43000 109319
6/6/2017,C,17,9000 43000 109320
6/6/2017,C,17,9000 43000 109322
6/6/2017,C,17,9000 43000 109324
6/6/2017,C,18,9000 43000 109326
6/6/2017,C,17,9000 43000 109327
6/6/2017,C,17,9000 43000 109328
6/6/2017,C,18,9000 43000 109331
6/6/2017,C,17,9000 43000 109332
6/6/2017,C,18,9000 43000 109334
6/6/2017,C,17,9000 43000 109335
6/6/2017,C,17,9000 43000 109336
6/6/2017,C,17,9000 43000 109337
6/6/2017,C,18,9000 43000 109339
6/6/2017,C,18,9000 43000 109340
6/6/2017,C,18,9000 43000 109341
6/6/2017,C,18,9000 43000 109342
6/6/2017,C,17,9000 43000 109343
6/6/2017,C,17,9000 43000 109344
6/6/2017,C,18,9000 43000 109347
6/6/2017,C,17,9000 43000 109348
6/6/2017,C,18,9000 43000 109349
6/6/2017,C,17,9000 43000 109351
6/6/2017,C,18,9000 43000 109352
6/6/2017,C,17,9000 43000 109358
6/6/2017,C,17,9000 43000 109361
6/6/2017,C,18,9000 43000 109362
6/6/2017,C,17,9000 43000 109365
6/6/2017,C,18,9000 43000 109367
6/6/2017,C,18,9000 43000 109371
6/6/2017,C,18,9000 43000 109373
6/6/2017,C,18,9000 43000 109374
6/6/2017,C,18,9000 43000 109376
6/6/2017,C,17,9000 43000 109377
6/6/2017,C,18,9000 43000 109379
6/6/2017,C,18,9000 43000 109381
6/6/2017,C,18,9000 43000 109382
6/6/2017,C,17,9000 43000 109384
6/6/2017,C,17,9000 43000 109385
6/6/2017,C,17,9000 43000 109388
6/6/2017,C,18,9000 43000 109389
6/6/2017,C,17,9000 43000 109392
6/6/2017,C,18,9000 43000 109396
6/6/2017,C,17,9000 43000 109405
6/6/2017,C,17,9000 43000 109406
6/6/2017,C,18,9000 43000 109433
6/6/2017,C,18,9000 43000 109455
6/6/2017,C,17,9000 43000 109463
6/6/2017,C,18,9000 670000 61919
6/6/2017,C,18,9000 670000 61949
6/6/2017,C,18,9000 670000 63230
6/6/2017,C,17,9000 670000 63343
6/6/2017,C,17,9000 670000 63346
6/6/2017,C,18,9000 670000 63347
6/6/2017,C,17,9000 670000 63373
6/6/2017,C,17,9000 670000 63385
6/6/2017,C,18,982000362130068    
6/6/2017,C,17,982000365439046    
6/13/2017,C,18,1380348409    
6/13/2017,C,18,1380348434    
6/13/2017,C,18,1380348453    
6/13/2017,C,18,1380348454    
6/13/2017,C,18,1380348480    
6/13/2017,C,18,1380348536    
6/13/2017,C,18,9000 43000 101639
6/13/2017,C,18,9000 43000 109192
6/13/2017,C,18,9000 43000 109193
6/13/2017,C,18,9000 43000 109194
6/13/2017,C,18,9000 43000 109197
6/13/2017,C,18,9000 43000 109198
6/13/2017,C,18,9000 43000 109200
6/13/2017,C,18,9000 43000 109201
6/13/2017,C,18,9000 43000 109202
6/13/2017,C,18,9000 43000 109203
6/13/2017,C,18,9000 43000 109204
6/13/2017,C,18,9000 43000 109205
6/13/2017,C,18,9000 43000 109211
6/13/2017,C,18,9000 43000 109216
6/13/2017,C,18,9000 43000 109221
6/13/2017,C,18,9000 43000 109223
6/13/2017,C,18,9000 43000 109226
6/13/2017,C,18,9000 43000 109227
6/13/2017,C,18,9000 43000 109235
6/13/2017,C,18,9000 43000 109237
6/13/2017,C,18,9000 43000 109242
6/13/2017,C,18,9000 43000 109243
6/13/2017,C,18,9000 43000 109247
6/13/2017,C,18,9000 43000 109253
6/13/2017,C,18,9000 43000 109257
6/13/2017,C,18,9000 43000 109262
6/13/2017,C,18,9000 43000 109269
6/13/2017,C,18,9000 43000 109271
6/13/2017,C,18,9000 43000 109272
6/13/2017,C,18,9000 43000 109281
6/13/2017,C,18,9000 43000 109290
6/13/2017,C,18,9000 43000 109294
6/13/2017,C,18,9000 43000 109322
6/13/2017,C,18,9000 43000 109327
6/13/2017,C,18,9000 43000 109332
6/13/2017,C,18,9000 43000 109336
6/13/2017,C,18,9000 43000 109357
6/13/2017,C,18,9000 43000 109358
6/13/2017,C,18,9000 43000 109359
6/13/2017,C,18,9000 43000 109361
6/13/2017,C,18,9000 43000 109365
6/13/2017,C,18,9000 43000 109383
6/13/2017,C,18,9000 43000 109385
6/13/2017,C,18,9000 43000 109392
6/13/2017,C,18,9000 43000 109412
6/13/2017,C,18,9000 43000 109419
6/13/2017,C,18,9000 43000 109420
6/13/2017,C,18,9000 43000 109462
6/13/2017,C,18,9000 43000 109463
6/13/2017,C,18,9000 43000 109478
6/13/2017,C,18,9000 670000 61953
6/13/2017,C,18,9000 670000 61988
6/13/2017,C,18,9000 670000 61997
6/13/2017,C,18,9000 670000 63336
6/13/2017,C,18,9000 670000 63343
6/13/2017,C,18,9000 670000 63346
6/13/2017,C,18,9000 670000 63371
6/13/2017,C,18,9000 670000 63375
6/13/2017,C,18,9000 670000 63385
6/13/2017,C,18,9000 670000 63394
6/13/2017,C,18,9000 670000 63399
6/13/2017,C,18,982000362129977    
6/14/2017,C,19,1380348528    
6/14/2017,C,19,9000 43000 101665
6/14/2017,C,19,9000 43000 109195
6/14/2017,C,19,9000 43000 109207
6/14/2017,C,19,9000 43000 109208
6/14/2017,C,19,9000 43000 109212
6/14/2017,C,19,9000 43000 109219
6/14/2017,C,19,9000 43000 109225
6/14/2017,C,19,9000 43000 109230
6/14/2017,C,19,9000 43000 109234
6/14/2017,C,19,9000 43000 109246
6/14/2017,C,19,9000 43000 109249
6/14/2017,C,19,9000 43000 109252
6/14/2017,C,19,9000 43000 109253
6/14/2017,C,19,9000 43000 109263
6/14/2017,C,19,9000 43000 109264
6/14/2017,C,19,9000 43000 109265
6/14/2017,C,19,9000 43000 109268
6/14/2017,C,19,9000 43000 109273
6/14/2017,C,19,9000 43000 109276
6/14/2017,C,19,9000 43000 109277
6/14/2017,C,19,9000 43000 109283
6/14/2017,C,19,9000 43000 109306
6/14/2017,C,19,9000 43000 109331
6/14/2017,C,19,9000 43000 109333
6/14/2017,C,19,9000 43000 109362
6/14/2017,C,19,9000 43000 109364
6/14/2017,C,19,9000 43000 109371
6/14/2017,C,19,9000 43000 109381
6/14/2017,C,19,9000 43000 109444
6/14/2017,C,19,9000 43000 109458
6/14/2017,C,19,9000 670000 61919
6/14/2017,C,19,9000 670000 63354
6/14/2017,C,19,9000 670000 63376
6/14/2017,C,19,982000362129501    
6/14/2017,C,19,982000362130037    
6/14/2017,C,19,982000365438997    
6/21/2017,C,19,1380348342    
6/21/2017,C,19,1380348363    
6/21/2017,C,19,1380348364    
6/21/2017,C,19,1380348409    
6/21/2017,C,19,1380348429    
6/21/2017,C,19,1380348434    
6/21/2017,C,19,1380348443    
6/21/2017,C,19,1380348454    
6/21/2017,C,19,1380348456    
6/21/2017,C,19,1380348461    
6/21/2017,C,19,1380348464    
6/21/2017,C,19,1380348471    
6/21/2017,C,19,1380348480    
6/21/2017,C,19,1380348498    
6/21/2017,C,19,1380348507    
6/21/2017,C,19,1380348519    
6/21/2017,C,19,9000 43000 101637
6/21/2017,C,19,9000 43000 101639
6/21/2017,C,19,9000 43000 101675
6/21/2017,C,19,9000 43000 109192
6/21/2017,C,19,9000 43000 109193
6/21/2017,C,19,9000 43000 109194
6/21/2017,C,19,9000 43000 109198
6/21/2017,C,19,9000 43000 109203
6/21/2017,C,19,9000 43000 109223
6/21/2017,C,19,9000 43000 109227
6/21/2017,C,19,9000 43000 109237
6/21/2017,C,19,9000 43000 109243
6/21/2017,C,19,9000 43000 109269
6/21/2017,C,19,9000 43000 109281
6/21/2017,C,19,9000 43000 109294
6/21/2017,C,19,9000 43000 109320
6/21/2017,C,19,9000 43000 109322
6/21/2017,C,19,9000 43000 109328
6/21/2017,C,19,9000 43000 109337
6/21/2017,C,19,9000 43000 109340
6/21/2017,C,19,9000 43000 109342
6/21/2017,C,19,9000 43000 109348
6/21/2017,C,19,9000 43000 109351
6/21/2017,C,19,9000 43000 109359
6/21/2017,C,19,9000 43000 109361
6/21/2017,C,19,9000 43000 109387
6/21/2017,C,19,9000 43000 109389
6/21/2017,C,19,9000 43000 109392
6/21/2017,C,19,9000 43000 109396
6/21/2017,C,19,9000 43000 109419
6/21/2017,C,19,9000 43000 109433
6/21/2017,C,19,9000 43000 109463
6/21/2017,C,19,9000 43000 109483
6/21/2017,C,19,9000 670000 61920
6/21/2017,C,19,9000 670000 63343
6/21/2017,C,19,9000 670000 63346
6/21/2017,C,19,9000 670000 63385
6/21/2017,C,19,982000362129479    
6/21/2017,C,19,982000362129480    
6/21/2017,C,19,982000362129539    
6/21/2017,C,19,982000362129989    
6/21/2017,C,19,982000362129995    
6/21/2017,C,19,982000362130005    
6/21/2017,C,19,982000362130010    
6/21/2017,C,19,982000362130022    
6/21/2017,C,19,982000362130025    
6/21/2017,C,19,982000362130055    
6/21/2017,C,19,982000362130095    
6/21/2017,C,19,982000362130122    
6/21/2017,C,19,982000365438971    
6/21/2017,C,19,982000365438993    
6/21/2017,C,19,982000365439032    
6/21/2017,C,19,982000365439046    
6/21/2017,C,19,982000365439054    
6/23/2017,C,20,1380348342    
6/23/2017,C,20,1380348401    
6/23/2017,C,20,1380348433    
6/23/2017,C,20,1380348434    
6/23/2017,C,20,1380348448    
6/23/2017,C,20,1380348454    
6/23/2017,C,20,1380348456    
6/23/2017,C,20,1380348464    
6/23/2017,C,20,1380348480    
6/23/2017,C,20,1380348498    
6/23/2017,C,20,1380348509    
6/23/2017,C,20,1380348536    
6/23/2017,C,20,9000 43000 101633
6/23/2017,C,20,9000 43000 101638
6/23/2017,C,20,9000 43000 101639
6/23/2017,C,20,9000 43000 109194
6/23/2017,C,20,9000 43000 109198
6/23/2017,C,20,9000 43000 109208
6/23/2017,C,20,9000 43000 109225
6/23/2017,C,20,9000 43000 109230
6/23/2017,C,20,9000 43000 109237
6/23/2017,C,20,9000 43000 109317
6/23/2017,C,20,9000 43000 109318
6/23/2017,C,20,9000 43000 109320
6/23/2017,C,20,9000 43000 109322
6/23/2017,C,20,9000 43000 109337
6/23/2017,C,20,9000 43000 109339
6/23/2017,C,20,9000 43000 109340
6/23/2017,C,20,9000 43000 109348
6/23/2017,C,20,9000 43000 109362
6/23/2017,C,20,9000 43000 109363
6/23/2017,C,20,9000 43000 109365
6/23/2017,C,20,9000 43000 109367
6/23/2017,C,20,9000 43000 109379
6/23/2017,C,20,9000 43000 109389
6/23/2017,C,20,9000 43000 109392
6/23/2017,C,20,9000 43000 109419
6/23/2017,C,20,9000 43000 109424
6/23/2017,C,20,9000 43000 109427
6/23/2017,C,20,9000 43000 109444
6/23/2017,C,20,9000 43000 109461
6/23/2017,C,20,9000 670000 63330
6/23/2017,C,20,9000 670000 63343
6/23/2017,C,20,9000 670000 63350
6/23/2017,C,20,9000 670000 63376
6/23/2017,C,20,982000362130017    
6/23/2017,C,20,982000362129473    
6/23/2017,C,20,982000362129501    
6/23/2017,C,20,982000362129508    
6/23/2017,C,20,982000362129978    
6/23/2017,C,20,982000362129985    
6/23/2017,C,20,982000362129986    
6/23/2017,C,20,982000362129991    
6/23/2017,C,20,982000362129992    
6/23/2017,C,20,982000362129993    
6/23/2017,C,20,982000362129999    
6/23/2017,C,20,9820003621300030    
6/23/2017,C,20,982000362130016    
6/23/2017,C,20,982000362130047    
6/23/2017,C,20,982000362130078    
6/23/2017,C,20,982000362130090    
6/23/2017,C,20,982000362130098    
6/23/2017,C,20,982000362130122    
6/23/2017,C,20,982000362130131    
6/23/2017,C,20,982000365438981    
6/23/2017,C,20,982000365438997    
6/23/2017,C,20,982000365438999    
6/23/2017,C,20,982000365439007    
6/23/2017,C,20,982000365439011    
6/23/2017,C,20,982000365439020    
6/23/2017,C,20,982000365439038    
6/23/2017,C,20,982000365439046    
6/23/2017,C,20,982000365439059    
6/23/2017,C,20,98200362129995    
6/28/2017,C,21,1380348364    
6/28/2017,C,21,1380348456    
6/28/2017,C,21,1380348536    
6/28/2017,C,21,9000 43000 101633
6/28/2017,C,21,9000 43000 101637
6/28/2017,C,21,9000 43000 101638
6/28/2017,C,21,9000 43000 101685
6/28/2017,C,21,9000 43000 109205
6/28/2017,C,21,9000 43000 109225
6/28/2017,C,21,9000 43000 109230
6/28/2017,C,21,9000 43000 109265
6/28/2017,C,21,9000 43000 109297
6/28/2017,C,21,9000 43000 109298
6/28/2017,C,21,9000 43000 109318
6/28/2017,C,21,9000 43000 109340
6/28/2017,C,21,9000 43000 109348
6/28/2017,C,21,9000 43000 109362
6/28/2017,C,21,9000 43000 109363
6/28/2017,C,21,9000 43000 109366
6/28/2017,C,21,9000 43000 109376
6/28/2017,C,21,9000 43000 109389
6/28/2017,C,21,9000 43000 109482
6/28/2017,C,21,982000362129479    
6/28/2017,C,21,982000362129970    
6/28/2017,C,21,982000362129975    
6/28/2017,C,21,982000362129986    
6/28/2017,C,21,982000362129998    
6/28/2017,C,21,982000362130005    
6/28/2017,C,21,982000362130006    
6/28/2017,C,21,982000362130029    
6/28/2017,C,21,982000362130040    
6/28/2017,C,21,982000362130045    
6/28/2017,C,21,982000362130047    
6/28/2017,C,21,982000362130091    
6/28/2017,C,21,982000362130098    
6/28/2017,C,21,982000362130101    
6/28/2017,C,21,982000362130114    
6/28/2017,C,21,982000362130117    
6/28/2017,C,21,982000362130124    
6/28/2017,C,21,982000362130131    
6/28/2017,C,21,982000365439020    
6/28/2017,C,21,982000365439046    
5/22/2018,C,22,1380348342    
5/22/2018,C,22,9000 43000 109198
5/22/2018,C,22,9000 43000 109200
5/22/2018,C,22,9000 43000 109201
5/22/2018,C,22,9000 43000 109205
5/22/2018,C,22,9000 43000 109290
5/22/2018,C,22,9000 43000 109482
5/22/2018,C,22,9000 43000 162300
5/22/2018,C,22,9000 43000 162301
5/22/2018,C,22,9000 43000 162303
5/22/2018,C,22,9000 43000 162306
5/22/2018,C,22,9000 43000 162308
5/22/2018,C,22,9000 43000 162309
5/22/2018,C,22,9000 43000 162311
5/22/2018,C,22,9000 43000 162321
5/22/2018,C,22,9000 43000 162343
5/22/2018,C,22,9000 43000 162347
5/22/2018,C,22,9000 43000 162351
5/22/2018,C,22,9000 43000 162356
5/22/2018,C,22,9000 43000 162364
5/22/2018,C,22,9000 43000 162370
5/22/2018,C,22,9000 43000 162377
5/22/2018,C,22,9000 43000 162392
5/22/2018,C,22,9000 43000 162395
5/22/2018,C,22,9000 43000 162396
5/22/2018,C,22,9000 670000 63385
5/22/2018,C,22,982000362130095    
5/29/2018,C,23,1380348401    
5/29/2018,C,23,1380348429    
5/29/2018,C,23,1380348433    
5/29/2018,C,23,1380348461    
5/29/2018,C,23,1380348504    
5/29/2018,C,23,9000 43000 101648
5/29/2018,C,23,9000 43000 101665
5/29/2018,C,23,9000 43000 109197
5/29/2018,C,23,9000 43000 109198
5/29/2018,C,23,9000 43000 109221
5/29/2018,C,23,9000 43000 109226
5/29/2018,C,23,9000 43000 109290
5/29/2018,C,23,9000 43000 109331
5/29/2018,C,23,9000 43000 109351
5/29/2018,C,23,9000 43000 109379
5/29/2018,C,23,9000 43000 109385
5/29/2018,C,23,9000 43000 162301
5/29/2018,C,23,9000 43000 162304
5/29/2018,C,23,9000 43000 162306
5/29/2018,C,23,9000 43000 162307
5/29/2018,C,23,9000 43000 162309
5/29/2018,C,23,9000 43000 162311
5/29/2018,C,23,9000 43000 162315
5/29/2018,C,23,9000 43000 162317
5/29/2018,C,23,9000 43000 162326
5/29/2018,C,23,9000 43000 162334
5/29/2018,C,23,9000 43000 162335
5/29/2018,C,23,9000 43000 162336
5/29/2018,C,23,9000 43000 162342
5/29/2018,C,23,9000 43000 162344
5/29/2018,C,23,9000 43000 162346
5/29/2018,C,23,9000 43000 162348
5/29/2018,C,23,9000 43000 162350
5/29/2018,C,23,9000 43000 162361
5/29/2018,C,23,9000 43000 162362
5/29/2018,C,23,9000 43000 162364
5/29/2018,C,23,9000 43000 162365
5/29/2018,C,23,9000 43000 162370
5/29/2018,C,23,9000 43000 162385
5/29/2018,C,23,9000 43000 162390
5/29/2018,C,23,9000 43000 162393
5/29/2018,C,23,9000 43000 162397
5/29/2018,C,23,9000 670000 63343
5/29/2018,C,23,9000 670000 63375
5/29/2018,C,23,9000 670000 63385
5/29/2018,C,23,9000 670000 63394
5/29/2018,C,23,9000 670000 63399
5/29/2018,C,23,982000362129480    
5/29/2018,C,23,982000362129992    
5/29/2018,C,23,982000362130003    
5/29/2018,C,23,982000362130040    
5/29/2018,C,23,982000362130095    
5/29/2018,C,23,982000362130122    
5/29/2018,C,23,982000365438993    
5/29/2018,C,23,982000365439032    
6/5/2018,C,24,1380348342    
6/5/2018,C,24,1380348401    
6/5/2018,C,24,1380348433    
6/5/2018,C,24,1380348461    
6/5/2018,C,24,1380348480    
6/5/2018,C,24,1380348488    
6/5/2018,C,24,1380348534    
6/5/2018,C,24,9000 43000 101627
6/5/2018,C,24,9000 43000 101633
6/5/2018,C,24,9000 43000 101646
6/5/2018,C,24,9000 43000 101648
6/5/2018,C,24,9000 43000 109198
6/5/2018,C,24,9000 43000 109235
6/5/2018,C,24,9000 43000 109277
6/5/2018,C,24,9000 43000 109306
6/5/2018,C,24,9000 43000 109318
6/5/2018,C,24,9000 43000 109362
6/5/2018,C,24,9000 43000 109396
6/5/2018,C,24,9000 43000 109444
6/5/2018,C,24,9000 43000 109468
6/5/2018,C,24,9000 43000 162105
6/5/2018,C,24,9000 43000 162107
6/5/2018,C,24,9000 43000 162113
6/5/2018,C,24,9000 43000 162114
6/5/2018,C,24,9000 43000 162117
6/5/2018,C,24,9000 43000 162119
6/5/2018,C,24,9000 43000 162126
6/5/2018,C,24,9000 43000 162127
6/5/2018,C,24,9000 43000 162128
6/5/2018,C,24,9000 43000 162129
6/5/2018,C,24,9000 43000 162135
6/5/2018,C,24,9000 43000 162139
6/5/2018,C,24,9000 43000 162140
6/5/2018,C,24,9000 43000 162141
6/5/2018,C,24,9000 43000 162150
6/5/2018,C,24,9000 43000 162153
6/5/2018,C,24,9000 43000 162156
6/5/2018,C,24,9000 43000 162161
6/5/2018,C,24,9000 43000 162162
6/5/2018,C,24,9000 43000 162165
6/5/2018,C,24,9000 43000 162166
6/5/2018,C,24,9000 43000 162168
6/5/2018,C,24,9000 43000 162170
6/5/2018,C,24,9000 43000 162172
6/5/2018,C,24,9000 43000 162174
6/5/2018,C,24,9000 43000 162178
6/5/2018,C,24,9000 43000 162183
6/5/2018,C,24,9000 43000 162189
6/5/2018,C,24,9000 43000 162191
6/5/2018,C,24,9000 43000 162192
6/5/2018,C,24,9000 43000 162308
6/5/2018,C,24,9000 43000 162348
6/5/2018,C,24,9000 43000 162377
6/5/2018,C,24,9000 670000 63242
6/5/2018,C,24,9000 670000 63292
6/5/2018,C,24,9000 670000 63343
6/5/2018,C,24,9000 670000 63346
6/5/2018,C,24,9000 670000 63376
6/5/2018,C,24,9000 670000 63394
6/5/2018,C,24,9000 670000 63399
6/5/2018,C,24,982000362129480    
6/5/2018,C,24,982000362129501    
6/5/2018,C,24,982000362130016    
6/5/2018,C,24,982000362130040    
6/5/2018,C,24,982000365438971    
6/5/2018,C,24,982000365439020    
6/5/2018,C,24,982000365439046    
6/11/2018,C,25,1380348342    
6/11/2018,C,25,1380348504    
6/11/2018,C,25,9000 43000 101646
6/11/2018,C,25,9000 43000 101675
6/11/2018,C,25,9000 43000 109269
6/11/2018,C,25,9000 43000 109318
6/11/2018,C,25,9000 43000 109333
6/11/2018,C,25,9000 43000 109362
6/11/2018,C,25,9000 43000 109437
6/11/2018,C,25,9000 43000 109444
6/11/2018,C,25,9000 43000 162011
6/11/2018,C,25,9000 43000 162012
6/11/2018,C,25,9000 43000 162016
6/11/2018,C,25,9000 43000 162027
6/11/2018,C,25,9000 43000 162059
6/11/2018,C,25,9000 43000 162076
6/11/2018,C,25,9000 43000 162091
6/11/2018,C,25,9000 43000 162094
6/11/2018,C,25,9000 43000 162166
6/11/2018,C,25,9000 43000 162174
6/11/2018,C,25,9000 43000 162192
6/11/2018,C,25,9000 670000 61920
6/11/2018,C,25,9000 670000 63230
6/11/2018,C,25,9000 670000 63346
6/13/2018,C,26,1380348342    
6/13/2018,C,26,1380348401    
6/13/2018,C,26,1380348423    
6/13/2018,C,26,1380348429    
6/13/2018,C,26,1380348488    
6/13/2018,C,26,1380348514    
6/13/2018,C,26,9000 43000 109201
6/13/2018,C,26,9000 43000 109205
6/13/2018,C,26,9000 43000 109290
6/13/2018,C,26,9000 43000 109299
6/13/2018,C,26,9000 43000 109318
6/13/2018,C,26,9000 43000 109333
6/13/2018,C,26,9000 43000 109351
6/13/2018,C,26,9000 43000 109365
6/13/2018,C,26,9000 43000 109370
6/13/2018,C,26,9000 43000 109424
6/13/2018,C,26,9000 43000 109437
6/13/2018,C,26,9000 43000 109444
6/13/2018,C,26,9000 43000 109448
6/13/2018,C,26,9000 43000 109454
6/13/2018,C,26,9000 43000 109458
6/13/2018,C,26,9000 43000 109468
6/13/2018,C,26,9000 43000 162091
6/13/2018,C,26,9000 43000 162094
6/13/2018,C,26,9000 43000 162117
6/13/2018,C,26,9000 43000 162127
6/13/2018,C,26,9000 43000 162129
6/13/2018,C,26,9000 43000 162156
6/13/2018,C,26,9000 43000 162166
6/13/2018,C,26,9000 43000 162168
6/13/2018,C,26,9000 43000 162170
6/13/2018,C,26,9000 43000 162172
6/13/2018,C,26,9000 43000 162192
6/13/2018,C,26,9000 43000 162203
6/13/2018,C,26,9000 43000 162209
6/13/2018,C,26,9000 43000 162211
6/13/2018,C,26,9000 43000 162214
6/13/2018,C,26,9000 43000 162223
6/13/2018,C,26,9000 43000 162251
6/13/2018,C,26,9000 43000 162255
6/13/2018,C,26,9000 43000 162259
6/13/2018,C,26,9000 43000 162260
6/13/2018,C,26,9000 43000 162269
6/13/2018,C,26,9000 43000 162272
6/13/2018,C,26,9000 43000 162276
6/13/2018,C,26,9000 43000 162281
6/13/2018,C,26,9000 43000 162282
6/13/2018,C,26,9000 43000 162299
6/13/2018,C,26,9000 43000 162303
6/13/2018,C,26,9000 43000 162315
6/13/2018,C,26,9000 43000 162350
6/13/2018,C,26,9000 43000 162351
6/13/2018,C,26,9000 43000 162362
6/13/2018,C,26,9000 43000 162392
6/13/2018,C,26,9000 670000 63343
6/13/2018,C,26,9000 670000 63394
6/13/2018,C,26,982000362129501    
6/13/2018,C,26,982000362129985    
6/13/2018,C,26,982000362130003    
6/13/2018,C,26,982000362130016    
6/13/2018,C,26,982000362130022    
6/13/2018,C,26,982000365439046    
6/21/2018,C,27,1380348342    
6/21/2018,C,27,1380348364    
6/21/2018,C,27,1380348514    
6/21/2018,C,27,9000 43000 101633
6/21/2018,C,27,9000 43000 101638
6/21/2018,C,27,9000 43000 109201
6/21/2018,C,27,9000 43000 109205
6/21/2018,C,27,9000 43000 109237
6/21/2018,C,27,9000 43000 109298
6/21/2018,C,27,9000 43000 109318
6/21/2018,C,27,9000 43000 109331
6/21/2018,C,27,9000 43000 109333
6/21/2018,C,27,9000 43000 109351
6/21/2018,C,27,9000 43000 109362
6/21/2018,C,27,9000 43000 109377
6/21/2018,C,27,9000 43000 109389
6/21/2018,C,27,9000 43000 109405
6/21/2018,C,27,9000 43000 109454
6/21/2018,C,27,9000 43000 162011
6/21/2018,C,27,9000 43000 162119
6/21/2018,C,27,9000 43000 162129
6/21/2018,C,27,9000 43000 162141
6/21/2018,C,27,9000 43000 162156
6/21/2018,C,27,9000 43000 162192
6/21/2018,C,27,9000 43000 162200
6/21/2018,C,27,9000 43000 162209
6/21/2018,C,27,9000 43000 162214
6/21/2018,C,27,9000 43000 162219
6/21/2018,C,27,9000 43000 162223
6/21/2018,C,27,9000 43000 162237
6/21/2018,C,27,9000 43000 162245
6/21/2018,C,27,9000 43000 162255
6/21/2018,C,27,9000 43000 162263
6/21/2018,C,27,9000 43000 162272
6/21/2018,C,27,9000 43000 162280
6/21/2018,C,27,9000 43000 162281
6/21/2018,C,27,9000 43000 162292
6/21/2018,C,27,9000 43000 162336
6/21/2018,C,27,9000 43000 162344
6/21/2018,C,27,9000 43000 162362
6/21/2018,C,27,9000 670000 61920
6/21/2018,C,27,9000 670000 61988
6/21/2018,C,27,9000 670000 63336
6/21/2018,C,27,9000 670000 63343
6/21/2018,C,27,9000 670000 63376
6/21/2018,C,27,982000362129501    
6/21/2018,C,27,982000362129985    
6/21/2018,C,27,982000362130045    
5/28/2019,C,28,1380348342    
5/28/2019,C,28,1380348434    
5/28/2019,C,28,1380348488    
5/28/2019,C,28,9000 43000 101633
5/28/2019,C,28,9000 43000 109203
5/28/2019,C,28,9000 43000 109318
5/28/2019,C,28,9000 43000 109331
5/28/2019,C,28,9000 43000 109385
5/28/2019,C,28,9000 43000 109415
5/28/2019,C,28,9000 43000 109424
5/28/2019,C,28,9000 43000 109437
5/28/2019,C,28,9000 43000 109444
5/28/2019,C,28,9000 43000 109448
5/28/2019,C,28,9000 43000 109463
5/28/2019,C,28,9000 43000 162002
5/28/2019,C,28,9000 43000 162004
5/28/2019,C,28,9000 43000 162005
5/28/2019,C,28,9000 43000 162030
5/28/2019,C,28,9000 43000 162032
5/28/2019,C,28,9000 43000 162035
5/28/2019,C,28,9000 43000 162041
5/28/2019,C,28,9000 43000 162051
5/28/2019,C,28,9000 43000 162056
5/28/2019,C,28,9000 43000 162061
5/28/2019,C,28,9000 43000 162063
5/28/2019,C,28,9000 43000 162067
5/28/2019,C,28,9000 43000 162076
5/28/2019,C,28,9000 43000 162082
5/28/2019,C,28,9000 43000 162091
5/28/2019,C,28,9000 43000 162094
5/28/2019,C,28,9000 43000 162207
5/28/2019,C,28,9000 43000 162217
5/28/2019,C,28,9000 43000 162218
5/28/2019,C,28,9000 43000 162221
5/28/2019,C,28,9000 43000 162224
5/28/2019,C,28,9000 43000 162227
5/28/2019,C,28,9000 43000 162228
5/28/2019,C,28,9000 43000 162231
5/28/2019,C,28,9000 43000 162232
5/28/2019,C,28,9000 43000 162233
5/28/2019,C,28,9000 43000 162238
5/28/2019,C,28,9000 43000 162240
5/28/2019,C,28,9000 43000 162241
5/28/2019,C,28,9000 43000 162243
5/28/2019,C,28,9000 43000 162246
5/28/2019,C,28,9000 43000 162247
5/28/2019,C,28,9000 43000 162249
5/28/2019,C,28,9000 43000 162253
5/28/2019,C,28,9000 43000 162264
5/28/2019,C,28,9000 43000 162265
5/28/2019,C,28,9000 43000 162270
5/28/2019,C,28,9000 43000 162274
5/28/2019,C,28,9000 43000 162278
5/28/2019,C,28,9000 43000 162285
5/28/2019,C,28,9000 43000 162293
5/28/2019,C,28,9000 43000 162294
5/28/2019,C,28,9000 43000 162295
5/28/2019,C,28,9000 43000 162296
5/28/2019,C,28,9000 43000 162308
5/28/2019,C,28,9000 43000 162385
5/28/2019,C,28,9000 670000 61966
5/28/2019,C,28,9000 670000 63230
5/28/2019,C,28,9000 670000 63375
5/28/2019,C,28,982000362130040    
6/3/2019,C,29,1380348433    
6/3/2019,C,29,1380348434    
6/3/2019,C,29,9000 43000 109203
6/3/2019,C,29,9000 43000 109221
6/3/2019,C,29,9000 43000 109237
6/3/2019,C,29,9000 43000 109262
6/3/2019,C,29,9000 43000 109318
6/3/2019,C,29,9000 43000 109331
6/3/2019,C,29,9000 43000 109362
6/3/2019,C,29,9000 43000 109381
6/3/2019,C,29,9000 43000 109424
6/3/2019,C,29,9000 43000 109463
6/3/2019,C,29,9000 43000 162000 
6/3/2019,C,29,9000 43000 162002
6/3/2019,C,29,9000 43000 162007
6/3/2019,C,29,9000 43000 162015
6/3/2019,C,29,9000 43000 162028
6/3/2019,C,29,9000 43000 162034
6/3/2019,C,29,9000 43000 162036
6/3/2019,C,29,9000 43000 162038
6/3/2019,C,29,9000 43000 162044
6/3/2019,C,29,9000 43000 162049
6/3/2019,C,29,9000 43000 162056
6/3/2019,C,29,9000 43000 162064
6/3/2019,C,29,9000 43000 162066
6/3/2019,C,29,9000 43000 162069
6/3/2019,C,29,9000 43000 162071
6/3/2019,C,29,9000 43000 162074
6/3/2019,C,29,9000 43000 162075
6/3/2019,C,29,9000 43000 162078
6/3/2019,C,29,9000 43000 162085
6/3/2019,C,29,9000 43000 162087
6/3/2019,C,29,9000 43000 162089
6/3/2019,C,29,9000 43000 162092
6/3/2019,C,29,9000 43000 162096
6/3/2019,C,29,9000 43000 162097
6/3/2019,C,29,9000 43000 162099
6/3/2019,C,29,9000 43000 162127
6/3/2019,C,29,9000 43000 162129
6/3/2019,C,29,9000 43000 162141
6/3/2019,C,29,9000 43000 162208
6/3/2019,C,29,9000 43000 162217
6/3/2019,C,29,9000 43000 162221
6/3/2019,C,29,9000 43000 162224
6/3/2019,C,29,9000 43000 162227
6/3/2019,C,29,9000 43000 162249
6/3/2019,C,29,9000 43000 162271
6/3/2019,C,29,9000 43000 162285
6/3/2019,C,29,9000 43000 162293
6/3/2019,C,29,9000 43000 162308
6/3/2019,C,29,982000362129508    
6/3/2019,C,29,982000362130022    
6/3/2019,C,29,982000362130040    
6/3/2019,C,29,982000362130095    
6/3/2019,C,29,982000362130124    
6/3/2019,C,29,982000365438993    
6/13/2019,C,30,1380348342    
6/13/2019,C,30,1380348364    
6/13/2019,C,30,1380348434    
6/13/2019,C,30,9000 43000 101615
6/13/2019,C,30,9000 43000 109203
6/13/2019,C,30,9000 43000 109237
6/13/2019,C,30,9000 43000 109243
6/13/2019,C,30,9000 43000 109262
6/13/2019,C,30,9000 43000 109333
6/13/2019,C,30,9000 43000 109362
6/13/2019,C,30,9000 43000 109370
6/13/2019,C,30,9000 43000 109385
6/13/2019,C,30,9000 43000 109424
6/13/2019,C,30,9000 43000 109444
6/13/2019,C,30,9000 43000 162002
6/13/2019,C,30,9000 43000 162006
6/13/2019,C,30,9000 43000 162007
6/13/2019,C,30,9000 43000 162008
6/13/2019,C,30,9000 43000 162009
6/13/2019,C,30,9000 43000 162015
6/13/2019,C,30,9000 43000 162019
6/13/2019,C,30,9000 43000 162024
6/13/2019,C,30,9000 43000 162038
6/13/2019,C,30,9000 43000 162040
6/13/2019,C,30,9000 43000 162043
6/13/2019,C,30,9000 43000 162049
6/13/2019,C,30,9000 43000 162050
6/13/2019,C,30,9000 43000 162058
6/13/2019,C,30,9000 43000 162064
6/13/2019,C,30,9000 43000 162066
6/13/2019,C,30,9000 43000 162068
6/13/2019,C,30,9000 43000 162069
6/13/2019,C,30,9000 43000 162070
6/13/2019,C,30,9000 43000 162071
6/13/2019,C,30,9000 43000 162073
6/13/2019,C,30,9000 43000 162074
6/13/2019,C,30,9000 43000 162076
6/13/2019,C,30,9000 43000 162077
6/13/2019,C,30,9000 43000 162078
6/13/2019,C,30,9000 43000 162087
6/13/2019,C,30,9000 43000 162089
6/13/2019,C,30,9000 43000 162090
6/13/2019,C,30,9000 43000 162093
6/13/2019,C,30,9000 43000 162094
6/13/2019,C,30,9000 43000 162098
6/13/2019,C,30,9000 43000 162110
6/13/2019,C,30,9000 43000 162121
6/13/2019,C,30,9000 43000 162130
6/13/2019,C,30,9000 43000 162134
6/13/2019,C,30,9000 43000 162141
6/13/2019,C,30,9000 43000 162155
6/13/2019,C,30,9000 43000 162162
6/13/2019,C,30,9000 43000 162173
6/13/2019,C,30,9000 43000 162184
6/13/2019,C,30,9000 43000 162195
6/13/2019,C,30,9000 43000 162196
6/13/2019,C,30,9000 43000 162197
6/13/2019,C,30,9000 43000 162199
6/13/2019,C,30,9000 43000 162209
6/13/2019,C,30,9000 43000 162214
6/13/2019,C,30,9000 43000 162218
6/13/2019,C,30,9000 43000 162220
6/13/2019,C,30,9000 43000 162227
6/13/2019,C,30,9000 43000 162245
6/13/2019,C,30,9000 43000 162249
6/13/2019,C,30,9000 43000 162270
6/13/2019,C,30,9000 43000 162271
6/13/2019,C,30,9000 43000 162274
6/13/2019,C,30,9000 43000 162285
6/13/2019,C,30,9000 43000 162377
6/13/2019,C,30,9000 670000 61988
6/13/2019,C,30,9000 670000 63230
6/13/2019,C,30,9000 670000 63336
6/13/2019,C,30,982000362129480    
6/13/2019,C,30,982000362129998    
6/13/2019,C,30,982000362130022    
6/13/2019,C,30,982000362130040    
6/13/2019,C,30,982000362130124    
6/13/2019,C,30,982000365438981    
6/13/2019,C,30,982000365438993    
6/17/2019,C,31,1380348364    
6/17/2019,C,31,1380348434    
6/17/2019,C,31,1380348504    
6/17/2019,C,31,9000 43000 109203
6/17/2019,C,31,9000 43000 109243
6/17/2019,C,31,9000 43000 109299
6/17/2019,C,31,9000 43000 109318
6/17/2019,C,31,9000 43000 109362
6/17/2019,C,31,9000 43000 109370
6/17/2019,C,31,9000 43000 109381
6/17/2019,C,31,9000 43000 109444
6/17/2019,C,31,9000 43000 162002
6/17/2019,C,31,9000 43000 162006
6/17/2019,C,31,9000 43000 162007
6/17/2019,C,31,9000 43000 162008
6/17/2019,C,31,9000 43000 162015
6/17/2019,C,31,9000 43000 162064
6/17/2019,C,31,9000 43000 162066
6/17/2019,C,31,9000 43000 162074
6/17/2019,C,31,9000 43000 162076
6/17/2019,C,31,9000 43000 162078
6/17/2019,C,31,9000 43000 162093
6/17/2019,C,31,9000 43000 162095
6/17/2019,C,31,9000 43000 162096
6/17/2019,C,31,9000 43000 162103
6/17/2019,C,31,9000 43000 162104
6/17/2019,C,31,9000 43000 162106
6/17/2019,C,31,9000 43000 162110
6/17/2019,C,31,9000 43000 162111
6/17/2019,C,31,9000 43000 162121
6/17/2019,C,31,9000 43000 162129
6/17/2019,C,31,9000 43000 162145
6/17/2019,C,31,9000 43000 162152
6/17/2019,C,31,9000 43000 162164
6/17/2019,C,31,9000 43000 162167
6/17/2019,C,31,9000 43000 162171
6/17/2019,C,31,9000 43000 162179
6/17/2019,C,31,9000 43000 162197
6/17/2019,C,31,9000 43000 162224
6/17/2019,C,31,9000 43000 162227
6/17/2019,C,31,9000 43000 162270
6/17/2019,C,31,9000 43000 162271
6/17/2019,C,31,9000 43000 162274
6/17/2019,C,31,9000 43000 162285
6/17/2019,C,31,9000 43000 162293
6/17/2019,C,31,9000 43000 162377
6/17/2019,C,31,9000 43000 162385
6/17/2019,C,31,9000 670000 63230
6/17/2019,C,31,9000 670000 63336
6/17/2019,C,31,982000362130040    
6/17/2019,C,31,982000362130101    
6/22/2019,C,32,1380348504    
6/22/2019,C,32,9000 43000 101638
6/22/2019,C,32,9000 43000 109203
6/22/2019,C,32,9000 43000 109318
6/22/2019,C,32,9000 43000 109362
6/22/2019,C,32,9000 43000 109424
6/22/2019,C,32,9000 43000 109444
6/22/2019,C,32,9000 43000 162000
6/22/2019,C,32,9000 43000 162008
6/22/2019,C,32,9000 43000 162015
6/22/2019,C,32,9000 43000 162049
6/22/2019,C,32,9000 43000 162064
6/22/2019,C,32,9000 43000 162076
6/22/2019,C,32,9000 43000 162077
6/22/2019,C,32,9000 43000 162078
6/22/2019,C,32,9000 43000 162092
6/22/2019,C,32,9000 43000 162095
6/22/2019,C,32,9000 43000 162100
6/22/2019,C,32,9000 43000 162101
6/22/2019,C,32,9000 43000 162102
6/22/2019,C,32,9000 43000 162104
6/22/2019,C,32,9000 43000 162121
6/22/2019,C,32,9000 43000 162136
6/22/2019,C,32,9000 43000 162137
6/22/2019,C,32,9000 43000 162142
6/22/2019,C,32,9000 43000 162154
6/22/2019,C,32,9000 43000 162162
6/22/2019,C,32,9000 43000 162164
6/22/2019,C,32,9000 43000 162167
6/22/2019,C,32,9000 43000 162171
6/22/2019,C,32,9000 43000 162188
6/22/2019,C,32,9000 43000 162195
6/22/2019,C,32,9000 43000 162214
6/22/2019,C,32,9000 43000 162227
6/22/2019,C,32,9000 43000 162285
6/22/2019,C,32,9000 43000 162293
6/22/2019,C,32,9000 43000 162385
6/22/2019,C,32,9000 43000162152
6/22/2019,C,32,9000 670000 63230
6/22/2019,C,32,9000 670000 63336
6/22/2019,C,32,982000362130022    
6/22/2019,C,32,982000362130040    
5/28/2020,C,33,9000 43000 162040
5/28/2020,C,33,9000 43000 109448
5/28/2020,C,33,982000362129523    
5/28/2020,C,33,982000365439058    
5/28/2020,C,33,982000365438975    
5/28/2020,C,33,9000 43000 162164
5/28/2020,C,33,982000362129502    
5/28/2020,C,33,982000365438996    
5/28/2020,C,33,982000362129966    
5/28/2020,C,33,982000362130155    
5/28/2020,C,33,9000 43000 109331
5/28/2020,C,33,982000362130040    
5/28/2020,C,33,982000362130050    
5/28/2020,C,33,9000 43000 162155
5/28/2020,C,33,982000362130041    
5/28/2020,C,33,982000362129965    
5/28/2020,C,33,982000362129997    
5/28/2020,C,33,982000365439057    
5/28/2020,C,33,982000365439039    
5/28/2020,C,33,982000365439012    
5/28/2020,C,33,982000362130018    
5/28/2020,C,33,982000362130009    
5/28/2020,C,33,9000 43000 162038
5/28/2020,C,33,9000 43000 162096
5/28/2020,C,33,9000 43000 109290
5/28/2020,C,33,9000 43000 109237
5/28/2020,C,33,9000 670000 63375
5/28/2020,C,33,982000362129980    
5/28/2020,C,33,982000362130030    
5/28/2020,C,33,982000362130020    
5/28/2020,C,33,9000 43000 162049
5/28/2020,C,33,982000365438972    
5/28/2020,C,33,9000 43000 162655
5/28/2020,C,33,9000 43000 162658
5/28/2020,C,33,9000 43000 162650
5/28/2020,C,33,9000 43000 101615
5/28/2020,C,33,9000 43000 109491
5/28/2020,C,33,9000 43000 162693
5/28/2020,C,33,9000 43000 162680
5/28/2020,C,33,9000 43000 162691
5/28/2020,C,33,9000 43000 109424
5/28/2020,C,33,9000 43000 162628
5/28/2020,C,33,9000 43000 162214
5/28/2020,C,33,9000 43000 162224
5/28/2020,C,33,9000 43000 162605
5/28/2020,C,33,9000 670000 63307
5/28/2020,C,33,9000 43000 162101
5/28/2020,C,33,9000 43000 162093
5/28/2020,C,33,9000 43000 162150
5/28/2020,C,33,9000 43000 162044
5/28/2020,C,33,1380348342    
5/28/2020,C,33,9000 43000 162606
5/28/2020,C,33,9000 43000 162103
5/28/2020,C,33,9000 43000 162629
5/28/2020,C,33,9000 43000 162264
5/28/2020,C,33,9000 43000 162604
5/28/2020,C,33,9000 43000 162620
5/28/2020,C,33,9000 43000 162695
5/28/2020,C,33,9000 43000 109461
5/28/2020,C,33,982000362130135    
5/28/2020,C,33,982000362129969    
5/28/2020,C,33,982000362130053    
5/28/2020,C,33,982000365439019    
5/28/2020,C,33,982000362129529    
5/28/2020,C,33,982000365438982    
5/28/2020,C,33,982000362130105    
5/28/2020,C,33,982000365439056    
5/28/2020,C,33,9000 43000 101638
5/28/2020,C,33,9000 43000 162120
5/28/2020,C,33,9000 43000 162158
5/28/2020,C,33,9000 43000 162102
5/28/2020,C,33,9000 43000 162161
5/28/2020,C,33,9000 43000 162194
5/28/2020,C,33,9000 43000 162177
6/3/2020,C,34,9000 43000 162044
6/3/2020,C,34,982000362130030    
6/3/2020,C,34,9000 43000 162224
6/3/2020,C,34,9000 43000 162536
6/3/2020,C,34,9000 43000 162523
6/3/2020,C,34,9000 43000 162603
6/3/2020,C,34,9000 43000 162096
6/3/2020,C,34,982000362130040    
6/3/2020,C,34,9000 43000 162583
6/3/2020,C,34,9000 43000 162676
6/3/2020,C,34,9000 43000 162693
6/3/2020,C,34,9000 43000 162103
6/3/2020,C,34,9000 43000 162058
6/3/2020,C,34,982000362130018    
6/3/2020,C,34,9000 43000 162586
6/3/2020,C,34,9000 43000 162525
6/3/2020,C,34,9000 43000 162155
6/3/2020,C,34,1380348433    
6/3/2020,C,34,9000 43000 162694
6/3/2020,C,34,9000 43000 162644
6/3/2020,C,34,982000362129523    
6/3/2020,C,34,9000 43000 162590
6/3/2020,C,34,9000 43000 162585
6/3/2020,C,34,9000 43000 162696
6/3/2020,C,34,9000 43000 162561
6/3/2020,C,34,1380348364    
6/3/2020,C,34,9000 43000 162662
6/3/2020,C,34,9000 43000 162102
6/3/2020,C,34,1380348445    
6/3/2020,C,34,9000 43000 109461
6/3/2020,C,34,9000 43000 162679
6/3/2020,C,34,9000 43000 162674
6/9/2020,C,35,9000 43000 162002
6/9/2020,C,35,9000 43000 162096
6/9/2020,C,35,9000 43000 162224
6/9/2020,C,35,9000 43000 162694
6/9/2020,C,35,9000 43000 162585
6/9/2020,C,35,982000365438975    
6/9/2020,C,35,9000 43000 162662
6/9/2020,C,35,9000 43000 162656
6/9/2020,C,35,9000 43000 162626
6/9/2020,C,35,9000 43000 162649
6/9/2020,C,35,9000 43000 162639
6/9/2020,C,35,9000 43000 162129
6/9/2020,C,35,982000362130050    
6/9/2020,C,35,982000362129966    
6/9/2020,C,35,9000 43000 162158
6/9/2020,C,35,9000 43000 109333
6/9/2020,C,35,9000 43000 162087
6/9/2020,C,35,9000 43000 162150
6/9/2020,C,35,9000 43000 162603
6/9/2020,C,35,9000 43000 162162
6/9/2020,C,35,982000362130124    
6/9/2020,C,35,9000 43000 162590
6/9/2020,C,35,982000362129969    
6/9/2020,C,35,9000 43000 162695
6/9/2020,C,35,9000 43000 162194
6/9/2020,C,35,9000 43000 162102
6/9/2020,C,35,9000 43000 162173
6/9/2020,C,35,9000 43000 162674
6/9/2020,C,35,9000 43000 162642
6/9/2020,C,35,9000 43000 162567
6/9/2020,C,35,9000 43000 162610
6/9/2020,C,35,9000 43000 162655
5/28/2016,B,7,9000 43000 101618
5/28/2016,B,7,9000 43000 101621
5/28/2016,B,7,9000 43000 101622
5/28/2016,B,7,9000 43000 101694
5/28/2016,B,7,9000 670000 61914
5/28/2016,B,7,9000 670000 61956
5/28/2016,B,7,9000 670000 61967
5/28/2016,B,7,9000 670000 61991
5/28/2016,B,7,9000 670000 63238
5/28/2016,B,7,9000 670000 63252
5/28/2016,B,7,9000 670000 63255
5/28/2016,B,7,9000 670000 63257
5/28/2016,B,7,9000 670000 63288
5/28/2016,B,7,9000 670000 63291
5/28/2016,B,7,9000 670000 63297
5/28/2016,B,7,9000 670000 63303
5/28/2016,B,7,9000 670000 63305
5/28/2016,B,7,9000 670000 63341
5/28/2016,B,7,9000 670000 63380
5/28/2016,B,7,9000 670000 63390
5/28/2016,B,7,9000 670000 63431
5/28/2016,B,7,9000 670000 63453
5/28/2016,B,7,9000 670000 63475
5/28/2016,B,7,9000 670000 63488
5/28/2016,B,7,9000 670000 63489
5/28/2016,B,7,9000 670000 63492
5/29/2016,B,8,9000 43000 101618
5/29/2016,B,8,9000 43000 101622
5/29/2016,B,8,9000 670000 61914
5/29/2016,B,8,9000 670000 61925
5/29/2016,B,8,9000 670000 61926
5/29/2016,B,8,9000 670000 61956
5/29/2016,B,8,9000 670000 63252
5/29/2016,B,8,9000 670000 63257
5/29/2016,B,8,9000 670000 63380
5/29/2016,B,8,9000 670000 63390
5/29/2016,B,8,9000 670000 63431
5/29/2016,B,8,9000 670000 63475
5/30/2016,B,9,9000 43000 101622
5/30/2016,B,9,9000 670000 61967
5/30/2016,B,9,9000 670000 63257
5/30/2016,B,9,9000 670000 63297
5/30/2016,B,9,9000 670000 63475
5/30/2016,B,9,9000 670000 63488
5/30/2016,B,9,9000 670000 63492
6/14/2016,B,10,9000 43000 101694
6/14/2016,B,10,9000 670000 63202
6/14/2016,B,10,9000 670000 63380
6/14/2016,B,10,9000 670000 63444
6/15/2016,B,10,9000 670000 61914
5/30/2017,B,16,9000 43000 101622
5/30/2017,B,16,9000 43000 109403
5/30/2017,B,16,9000 43000 109404
5/30/2017,B,16,9000 43000 109438
5/30/2017,B,16,9000 43000 109443
5/30/2017,B,16,9000 43000 109445
5/30/2017,B,16,9000 43000 109446
5/30/2017,B,16,9000 43000 109464
5/30/2017,B,16,9000 43000 109467
5/30/2017,B,16,9000 43000 109472
5/30/2017,B,16,9000 43000 109475
5/30/2017,B,16,9000 43000 109476
5/30/2017,B,16,9000 43000 109480
5/30/2017,B,16,9000 43000 109486
5/30/2017,B,16,9000 670000 61967
5/30/2017,B,16,9000 670000 63238
5/30/2017,B,16,9000 670000 63255
5/30/2017,B,16,9000 670000 63257
5/30/2017,B,16,9000 670000 63297
5/30/2017,B,16,9000 670000 63303
5/30/2017,B,16,9000 670000 63341
5/30/2017,B,16,9000 670000 63475
5/30/2017,B,16,9000 670000 63492
6/7/2017,B,17,9000 43000 101618
6/7/2017,B,17,9000 43000 101621
6/7/2017,B,17,9000 43000 101622
6/7/2017,B,17,9000 43000 109206
6/7/2017,B,17,9000 43000 109210
6/7/2017,B,17,9000 43000 109215
6/7/2017,B,17,9000 43000 109218
6/7/2017,B,17,9000 43000 109220
6/7/2017,B,17,9000 43000 109236
6/7/2017,B,17,9000 43000 109241
6/7/2017,B,17,9000 43000 109266
6/7/2017,B,17,9000 43000 109270
6/7/2017,B,17,9000 43000 109274
6/7/2017,B,17,9000 43000 109278
6/7/2017,B,17,9000 43000 109285
6/7/2017,B,17,9000 43000 109288
6/7/2017,B,17,9000 43000 109291
6/7/2017,B,17,9000 43000 109301
6/7/2017,B,17,9000 43000 109346
6/7/2017,B,17,9000 43000 109438
6/7/2017,B,17,9000 43000 109443
6/7/2017,B,17,9000 43000 109445
6/7/2017,B,17,9000 43000 109446
6/7/2017,B,17,9000 43000 109464
6/7/2017,B,17,9000 43000 109472
6/7/2017,B,17,9000 43000 109475
6/7/2017,B,17,9000 43000 109476
6/7/2017,B,17,9000 43000 109480
6/7/2017,B,17,9000 43000 109486
6/7/2017,B,17,9000 670000 61926
6/7/2017,B,17,9000 670000 61967
6/7/2017,B,17,9000 670000 61991
6/7/2017,B,17,9000 670000 63231
6/7/2017,B,17,9000 670000 63238
6/7/2017,B,17,9000 670000 63255
6/7/2017,B,17,9000 670000 63257
6/7/2017,B,17,9000 670000 63297
6/7/2017,B,17,9000 670000 63303
6/7/2017,B,17,9000 670000 63341
6/7/2017,B,17,9000 670000 63380
6/7/2017,B,17,9000 670000 63390
6/7/2017,B,17,9000 670000 63444
6/7/2017,B,17,9000 670000 63475
6/7/2017,B,17,9000 670000 63492
6/15/2017,B,18,9000 43000 101621
6/15/2017,B,18,9000 43000 101622
6/15/2017,B,18,9000 43000 101656
6/15/2017,B,18,9000 43000 109206
6/15/2017,B,18,9000 43000 109218
6/15/2017,B,18,9000 43000 109220
6/15/2017,B,18,9000 43000 109236
6/15/2017,B,18,9000 43000 109241
6/15/2017,B,18,9000 43000 109270
6/15/2017,B,18,9000 43000 109274
6/15/2017,B,18,9000 43000 109278
6/15/2017,B,18,9000 43000 109287
6/15/2017,B,18,9000 43000 109288
6/15/2017,B,18,9000 43000 109291
6/15/2017,B,18,9000 43000 109301
6/15/2017,B,18,9000 43000 109346
6/15/2017,B,18,9000 43000 109438
6/15/2017,B,18,9000 43000 109443
6/15/2017,B,18,9000 43000 109445
6/15/2017,B,18,9000 43000 109464
6/15/2017,B,18,9000 43000 109472
6/15/2017,B,18,9000 43000 109475
6/15/2017,B,18,9000 43000 109476
6/15/2017,B,18,9000 43000 109480
6/15/2017,B,18,9000 43000 109486
6/15/2017,B,18,9000 670000 61926
6/15/2017,B,18,9000 670000 61967
6/15/2017,B,18,9000 670000 61991
6/15/2017,B,18,9000 670000 63231
6/15/2017,B,18,9000 670000 63238
6/15/2017,B,18,9000 670000 63257
6/15/2017,B,18,9000 670000 63288
6/15/2017,B,18,9000 670000 63297
6/15/2017,B,18,9000 670000 63303
6/15/2017,B,18,9000 670000 63341
6/15/2017,B,18,9000 670000 63380
6/15/2017,B,18,9000 670000 63390
6/15/2017,B,18,9000 670000 63431
6/15/2017,B,18,9000 670000 63443
6/15/2017,B,18,9000 670000 63444
6/15/2017,B,18,9000 670000 63475
6/15/2017,B,18,9000 670000 63488
6/15/2017,B,18,9000 670000 63489
6/22/2017,B,19,1380348438    
6/22/2017,B,19,1380348533    
6/22/2017,B,19,9000 43000 109218
6/22/2017,B,19,9000 43000 109287
6/22/2017,B,19,9000 43000 109291
6/22/2017,B,19,9000 43000 109346
6/22/2017,B,19,9000 43000 109404
6/22/2017,B,19,9000 43000 109476
6/22/2017,B,19,9000 43000 109486
6/22/2017,B,19,9000 670000 61926
6/22/2017,B,19,9000 670000 63257
6/22/2017,B,19,9000 670000 63297
6/22/2017,B,19,9000 670000 63341
6/22/2017,B,19,9000 670000 63390
6/22/2017,B,19,9000 670000 63475
6/22/2017,B,19,9000 670000 63489
5/27/2018,B,22,1380348533    
5/27/2018,B,22,9000 43000 101622
5/27/2018,B,22,9000 43000 109218
5/27/2018,B,22,9000 43000 109220
5/27/2018,B,22,9000 43000 109236
5/27/2018,B,22,9000 43000 109274
5/27/2018,B,22,9000 43000 109285
5/27/2018,B,22,9000 43000 109403
5/27/2018,B,22,9000 43000 109445
5/27/2018,B,22,9000 43000 109446
5/27/2018,B,22,9000 43000 109476
5/27/2018,B,22,9000 43000 109480
5/27/2018,B,22,9000 43000 109486
5/27/2018,B,22,9000 43000 162305
5/27/2018,B,22,9000 43000 162310
5/27/2018,B,22,9000 43000 162314
5/27/2018,B,22,9000 43000 162319
5/27/2018,B,22,9000 43000 162328
5/27/2018,B,22,9000 43000 162329
5/27/2018,B,22,9000 43000 162332
5/27/2018,B,22,9000 43000 162338
5/27/2018,B,22,9000 43000 162353
5/27/2018,B,22,9000 43000 162354
5/27/2018,B,22,9000 43000 162355
5/27/2018,B,22,9000 43000 162358
5/27/2018,B,22,9000 43000 162359
5/27/2018,B,22,9000 43000 162360
5/27/2018,B,22,9000 43000 162363
5/27/2018,B,22,9000 43000 162367
5/27/2018,B,22,9000 43000 162368
5/27/2018,B,22,9000 43000 162369
5/27/2018,B,22,9000 43000 162371
5/27/2018,B,22,9000 43000 162382
5/27/2018,B,22,9000 43000 162383
5/27/2018,B,22,9000 43000 162394
5/27/2018,B,22,9000 670000 61991
5/27/2018,B,22,9000 670000 63231
5/27/2018,B,22,9000 670000 63255
5/27/2018,B,22,9000 670000 63257
5/27/2018,B,22,9000 670000 63341
5/27/2018,B,22,9000 670000 63380
5/27/2018,B,22,9000 670000 63390
5/27/2018,B,22,9000 670000 63443
5/27/2018,B,22,9000 670000 63475
5/27/2018,B,22,9000 670000 63488
5/27/2018,B,22,9000 670000 63489
5/27/2018,B,22,9000 670000 63492
6/1/2018,B,23,1380348533    
6/1/2018,B,23,9000 43000 101622
6/1/2018,B,23,9000 43000 101656
6/1/2018,B,23,9000 43000 101694
6/1/2018,B,23,9000 43000 109236
6/1/2018,B,23,9000 43000 109274
6/1/2018,B,23,9000 43000 109346
6/1/2018,B,23,9000 43000 109403
6/1/2018,B,23,9000 43000 109475
6/1/2018,B,23,9000 43000 109480
6/1/2018,B,23,9000 43000 109486
6/1/2018,B,23,9000 43000 162305
6/1/2018,B,23,9000 43000 162319
6/1/2018,B,23,9000 43000 162329
6/1/2018,B,23,9000 43000 162330
6/1/2018,B,23,9000 43000 162332
6/1/2018,B,23,9000 43000 162337
6/1/2018,B,23,9000 43000 162338
6/1/2018,B,23,9000 43000 162358
6/1/2018,B,23,9000 43000 162360
6/1/2018,B,23,9000 43000 162363
6/1/2018,B,23,9000 43000 162366
6/1/2018,B,23,9000 43000 162368
6/1/2018,B,23,9000 43000 162371
6/1/2018,B,23,9000 43000 162381
6/1/2018,B,23,9000 43000 162382
6/1/2018,B,23,9000 43000 162383
6/1/2018,B,23,9000 43000 162387
6/1/2018,B,23,9000 43000 162388
6/1/2018,B,23,9000 43000 162394
6/1/2018,B,23,9000 670000 61967
6/1/2018,B,23,9000 670000 61991
6/1/2018,B,23,9000 670000 63231
6/1/2018,B,23,9000 670000 63240
6/1/2018,B,23,9000 670000 63252
6/1/2018,B,23,9000 670000 63255
6/1/2018,B,23,9000 670000 63257
6/1/2018,B,23,9000 670000 63288
6/1/2018,B,23,9000 670000 63341
6/1/2018,B,23,9000 670000 63380
6/1/2018,B,23,9000 670000 63390
6/1/2018,B,23,9000 670000 63443
6/1/2018,B,23,9000 670000 63475
6/1/2018,B,23,9000 670000 63492
6/1/2018,B,23,982000362130094    
6/7/2018,B,24,1380348533    
6/7/2018,B,24,9000 43000 101622
6/7/2018,B,24,9000 43000 101656
6/7/2018,B,24,9000 43000 101694
6/7/2018,B,24,9000 43000 109218
6/7/2018,B,24,9000 43000 109236
6/7/2018,B,24,9000 43000 109274
6/7/2018,B,24,9000 43000 109285
6/7/2018,B,24,9000 43000 109287
6/7/2018,B,24,9000 43000 109301
6/7/2018,B,24,9000 43000 109346
6/7/2018,B,24,9000 43000 109403
6/7/2018,B,24,9000 43000 109476
6/7/2018,B,24,9000 43000 109480
6/7/2018,B,24,9000 43000 109486
6/7/2018,B,24,9000 43000 162154
6/7/2018,B,24,9000 43000 162198
6/7/2018,B,24,9000 43000 162305
6/7/2018,B,24,9000 43000 162310
6/7/2018,B,24,9000 43000 162329
6/7/2018,B,24,9000 43000 162332
6/7/2018,B,24,9000 43000 162338
6/7/2018,B,24,9000 43000 162355
6/7/2018,B,24,9000 43000 162358
6/7/2018,B,24,9000 43000 162360
6/7/2018,B,24,9000 43000 162366
6/7/2018,B,24,9000 43000 162371
6/7/2018,B,24,9000 43000 162381
6/7/2018,B,24,9000 43000 162382
6/7/2018,B,24,9000 43000 162383
6/7/2018,B,24,9000 43000 162387
6/7/2018,B,24,9000 43000 162394
6/7/2018,B,24,9000 670000 61967
6/7/2018,B,24,9000 670000 63240
6/7/2018,B,24,9000 670000 63257
6/7/2018,B,24,9000 670000 63288
6/7/2018,B,24,9000 670000 63297
6/7/2018,B,24,9000 670000 63443
6/7/2018,B,24,9000 670000 63444
6/7/2018,B,24,9000 670000 63489
6/7/2018,B,24,9000 670000 63492
6/7/2018,B,24,982000362130094    
6/12/2018,B,25,1380348533    
6/12/2018,B,25,9000 43000 101622
6/12/2018,B,25,9000 43000 101656
6/12/2018,B,25,9000 43000 101694
6/12/2018,B,25,9000 43000 109218
6/12/2018,B,25,9000 43000 109288
6/12/2018,B,25,9000 43000 109346
6/12/2018,B,25,9000 43000 109476
6/12/2018,B,25,9000 43000 109486
6/12/2018,B,25,9000 43000 162244
6/12/2018,B,25,9000 43000 162314
6/12/2018,B,25,9000 43000 162355
6/12/2018,B,25,9000 43000 162358
6/12/2018,B,25,9000 43000 162360
6/12/2018,B,25,9000 43000 162366
6/12/2018,B,25,9000 43000 162394
6/12/2018,B,25,9000 670000 63231
6/12/2018,B,25,9000 670000 63257
6/12/2018,B,25,9000 670000 63475
6/12/2018,B,25,9000 670000 63492
5/25/2019,B,28,9000 43000 109274
5/25/2019,B,28,9000 43000 109346
5/25/2019,B,28,9000 43000 109403
5/25/2019,B,28,9000 43000 109445
5/25/2019,B,28,9000 43000 162198
5/25/2019,B,28,9000 43000 162205
5/25/2019,B,28,9000 43000 162215
5/25/2019,B,28,9000 43000 162305
5/25/2019,B,28,9000 43000 162310
5/25/2019,B,28,9000 43000 162319
5/25/2019,B,28,9000 43000 162329
5/25/2019,B,28,9000 43000 162332
5/25/2019,B,28,9000 43000 162359
5/25/2019,B,28,9000 43000 162371
5/25/2019,B,28,9000 43000 162383
5/25/2019,B,28,9000 670000 63341
5/25/2019,B,28,9000 670000 63390
5/25/2019,B,28,9000 670000 63488
5/25/2019,B,28,982000362130094    
6/7/2019,B,29,9000 43000 101622
6/7/2019,B,29,9000 43000 109215
6/7/2019,B,29,9000 43000 109346
6/7/2019,B,29,9000 43000 162198
6/7/2019,B,29,9000 43000 162244
6/7/2019,B,29,9000 43000 162314
6/7/2019,B,29,9000 43000 162353
6/7/2019,B,29,9000 43000 162383
6/7/2019,B,29,9000 43000 162394
6/7/2019,B,29,9000 670000 61991
6/7/2019,B,29,9000 670000 63257
6/7/2019,B,29,9000 670000 63488
6/11/2019,B,30,1380348533    
6/11/2019,B,30,9000 43000 101622
6/11/2019,B,30,9000 43000 109236
6/11/2019,B,30,9000 43000 109476
6/11/2019,B,30,9000 43000 109480
6/11/2019,B,30,9000 43000 162003
6/11/2019,B,30,9000 43000 162198
6/11/2019,B,30,9000 43000 162244
6/11/2019,B,30,9000 43000 162314
6/11/2019,B,30,9000 43000 162353
6/11/2019,B,30,9000 43000 162383
6/11/2019,B,30,9000 43000 162387
6/11/2019,B,30,9000 43000 162394
6/11/2019,B,30,9000 670000 61967
6/11/2019,B,30,9000 670000 61991
6/16/2019,B,31,9000 43000 109285
6/16/2019,B,31,9000 43000 162327
6/19/2019,B,32,9000 43000 109285
6/19/2019,B,32,9000 43000 109288
6/19/2019,B,32,9000 43000 109404
6/19/2019,B,32,9000 43000 162003
6/19/2019,B,32,9000 43000 162118
6/19/2019,B,32,9000 43000 162310
6/19/2019,B,32,9000 670000 63431
5/29/2020,B,33,9000 670000 63444
5/29/2020,B,33,9000 670000 63380
5/29/2020,B,33,9000 670000 63443
5/29/2020,B,33,9000 43000 162310
5/29/2020,B,33,9000 43000 162154
5/29/2020,B,33,982000362130094    
5/29/2020,B,33,9000 43000 162116
5/29/2020,B,33,9000 43000 162319
5/29/2020,B,33,9000 43000 162369
5/29/2020,B,33,9000 43000 162337
5/29/2020,B,33,9000 43000 109285
5/29/2020,B,33,9000 43000 162314
5/29/2020,B,33,9000 43000 162358
5/29/2020,B,33,9000 43000 162182
5/29/2020,B,33,9000 43000 162124
5/29/2020,B,33,9000 43000 162186
5/29/2020,B,33,9000 43000 162123
5/29/2020,B,33,9000 43000 162115
5/29/2020,B,33,9000 43000 162663
5/29/2020,B,33,9000 670000 63488
5/29/2020,B,33,9000 43000 109404
5/29/2020,B,33,9000 670000 61967
5/29/2020,B,33,9000 43000 109346
5/29/2020,B,33,9000 43000 162305
5/29/2020,B,33,9000 43000 162148
5/29/2020,B,33,9000 43000 109218
5/29/2020,B,33,9000 43000 162363
5/29/2020,B,33,1380348533    
5/29/2020,B,33,9000 43000 101622
5/29/2020,B,33,9000 670000 63489
5/29/2020,B,33,9000 43000 162147
5/29/2020,B,33,9000 43000 109301
5/29/2020,B,33,9000 43000 162371
5/29/2020,B,33,9000 43000 162381
5/29/2020,B,33,9000 43000 162368
5/29/2020,B,33,9000 43000 162633
5/29/2020,B,33,9000 43000 162668
5/29/2020,B,33,9000 43000 162631
5/29/2020,B,33,9000 43000 162699
5/29/2020,B,33,9000 43000 162678
5/29/2020,B,33,9000 43000 162609
5/29/2020,B,33,9000 43000 162651
5/29/2020,B,33,9000 43000 162109
6/4/2020,B,34,9000 43000 162124
6/4/2020,B,34,9000 43000 162314
6/4/2020,B,34,9000 43000 162319
6/4/2020,B,34,9000 43000 162310
6/4/2020,B,34,9000 670000 61991
6/4/2020,B,34,9000 43000 109285
6/4/2020,B,34,9000 670000 63443
6/4/2020,B,34,9000 670000 63257
6/4/2020,B,34,9000 43000 162360
6/4/2020,B,34,1380348533    
6/4/2020,B,34,9000 43000 162699
6/4/2020,B,34,9000 43000 162154
6/4/2020,B,34,9000 670000 63444
6/4/2020,B,34,9000 670000 63380
6/4/2020,B,34,9000 670000 63489
6/4/2020,B,34,9000 43000 162382
6/10/2020,B,35,9000 43000 162310
6/10/2020,B,35,9000 43000 162124
6/10/2020,B,35,9000 43000 109285
6/10/2020,B,35,9000 43000 162371
6/10/2020,B,35,9000 670000 63489
6/10/2020,B,35,9000 43000 162699
6/10/2020,B,35,1380348533    
6/10/2020,B,35,9000 43000 162314
6/10/2020,B,35,9000 43000 162154
6/10/2020,B,35,9000 670000 63257
6/10/2020,B,35,9000 670000 63443
6/10/2020,B,35,9000 43000 162305
6/10/2020,B,35,9000 670000 63488
6/10/2020,B,35,9000 43000 162368
6/10/2020,B,35,9000 670000 63202
6/10/2020,B,35,9000 43000 162577
